doc_name,tags
The-role-of-feeds-in-the-transmission-of-chicken-pathogens-in_2023_Poultry-S.pdf,FUENTE:WEB;ESPECIE:AVICULTURA;TEMA:NUTRICION;TEMA:SANIDAD;IDIOMA:ES
In-ovo-protective-effects-of-chicoric-and-rosmarinic-acids-agains_2023_Poult.pdf,FUENTE:CIENTIFICO;TEMA:SANIDAD;TEMA:REPRODUCCION;ESPECIE:AVICULTURA;IDIOMA:EN
Nutritive-value-and-the-maximum-inclusion-level-of-pennycres_2017_Poultry-Sc.pdf,FUENTE:WEB;ESPECIE:AVICULTURA;TEMA:NUTRICION;IDIOMA:ES
Radix-Isatidis-polysaccharide--RIP--resists-the-infection-of-QX-_2023_Poultr.pdf,FUENTE:WEB;TEMA:SANIDAD;FUENTE:CIENTIFICO;ESPECIE:AVICULTURA;IDIOMA:ES
Comparative-transcriptome-analysis-identified-crucial-genes-and-_2023_Poultr.pdf,FUENTE:WEB;TEMA:GENETICA;FUENTE:CIENTIFICO;ESPECIE:AVICULTURA;IDIOMA:EN
Effects-of-moldy-corn-on-the-performance--antioxidant-capacity--i_2023_Poult.pdf,FUENTE:CIENTIFICO;TEMA:NUTRICION;TEMA:SANIDAD;TEMA:PRODUCCION;ESPECIE:AVICULTURA;IDIOMA:EN
Efficiency-of-early--single-dose-probiotic-administration-methods_2017_Poult.pdf,FUENTE:CIENTIFICO;TEMA:NUTRICION;ESPECIE:AVICULTURA;IDIOMA:ES
Enhanced-expression-of-proteins-involved-in-energy-production-an_2017_Poultr.pdf,FUENTE:WEB;TEMA:NUTRICION;TEMA:PRODUCCION;FUENTE:CIENTIFICO;ESPECIE:AVICULTURA;IDIOMA:EN
Dietary-resveratrol-supplementation-prevents-transport-stress-imp_2017_Poult.pdf,FUENTE:CIENTIFICO;TEMA:BIENESTAR;TEMA:NUTRICION;ESPECIE:AVICULTURA;IDIOMA:ES
Prevention-and-control-of-chicken-coccidiosis-construction-of-reco_2023_Poul.pdf,FUENTE:WEB;ESPECIE:AVICULTURA;TEMA:SANIDAD;IDIOMA:ES
Lactobacillus-Plantarum-injection-at-the-embryonic-stage-alters-_2023_Poultr.pdf,FUENTE:WEB;TEMA:REPRODUCCION;FUENTE:CIENTIFICO;ESPECIE:AVICULTURA;IDIOMA:ES
Interactions-of-full-fat-canola-seed--oat-hulls-as-an-insoluble-f_2017_Poult.pdf,FUENTE:CIENTIFICO;TEMA:NUTRICION;ESPECIE:AVICULTURA;IDIOMA:ES
Influence-of-dietary-crude-protein-on-growth-performance-and-appa_2023_Poult.pdf,FUENTE:CIENTIFICO;TEMA:NUTRICION;TEMA:PRODUCCION;ESPECIE:AVICULTURA;IDIOMA:ES
Continuous-exposure-to-red-light-induces-photorefractoriness_2023_Poultry-Sc.pdf,FUENTE:WEB;ESPECIE:AVICULTURA;IDIOMA:ES
Effect-of-monovalent-and-bivalent-live-attenuated-vaccines-aga_2023_Poultry-.pdf,FUENTE:WEB;ESPECIE:AVICULTURA;TEMA:SANIDAD;FUENTE:CIENTIFICO;IDIOMA:ES
Effects-of-sodium--1-25-dihydroxyvitamin-D3-and-parathyroid-hormon_2017_Poul.pdf,FUENTE:CIENTIFICO;ESPECIE:AVICULTURA;TEMA:NORMATIVA;TEMA:NUTRICION;TEMA:SANIDAD;TEMA:PRODUCCION;IDIOMA:EN
Requirement-of-digestible-calcium-at-different-dietary-concentra_2023_Poultr.pdf,FUENTE:WEB;TEMA:NUTRICION;FUENTE:CIENTIFICO;ESPECIE:AVICULTURA;IDIOMA:ES
Efficacy-of-quorum-sensing-and-growth-inhibitors-alone-and-in-co_2023_Poultr.pdf,FUENTE:WEB;TEMA:PRODUCCION;TEMA:IOT;FUENTE:CIENTIFICO;ESPECIE:AVICULTURA;IDIOMA:ES
Effects-of-dietary-sulfur-amino-acid-levels-on-growth-performanc_2023_Poultr.pdf,FUENTE:WEB;TEMA:NUTRICION;TEMA:PRODUCCION;FUENTE:CIENTIFICO;ESPECIE:AVICULTURA;IDIOMA:EN
Lonicera-flos-and-Cnicus-japonicus-extracts-improved-egg-quality-p_2023_Poul.pdf,FUENTE:WEB;TEMA:PRODUCCION;IDIOMA:ES
Research-Note--Dietary-resveratrol-supplementation-improves-the-h_2023_Poult.pdf,FUENTE:CIENTIFICO;TEMA:NUTRICION;ESPECIE:AVICULTURA;IDIOMA:ES
Growth-performance--organ-weight--and-plasma-metabolites-in-broil_2023_Poult.pdf,FUENTE:CIENTIFICO;TEMA:PRODUCCION;ESPECIE:AVICULTURA;IDIOMA:ES
Effects-of-metabolizable-energy-and-emulsifier-supplementation-o_2023_Poultr.pdf,FUENTE:WEB;TEMA:NUTRICION;FUENTE:CIENTIFICO;ESPECIE:AVICULTURA;IDIOMA:EN
The-quality-of-eggs--organic-and-nutraceutical-vs--convention_2017_Poultry-S.pdf,FUENTE:WEB;ESPECIE:AVICULTURA;SUB:ECOLOGICO;IDIOMA:ES
Suppressive-modulation-of-host-immune-responses-by-Dermanyss_2023_Poultry-Sc.pdf,FUENTE:WEB;ESPECIE:AVICULTURA;TEMA:SANIDAD;IDIOMA:ES
Lameness-assessment-with-automatic-monitoring-of-activity-in_2017_Poultry-Sc.pdf,FUENTE:WEB;ESPECIE:AVICULTURA;TEMA:IOT;IDIOMA:ES
Effect-of-whole-yeast-cell-product-supplementation--CitriStim---o_2017_Poult.pdf,FUENTE:CIENTIFICO;TEMA:NUTRICION;ESPECIE:AVICULTURA;IDIOMA:ES
Erratum-to--Trans-cinnamaldehyde-nanoemulsion-wash-inactivates-Sa_2023_Poult.pdf,FUENTE:CIENTIFICO;ESPECIE:AVICULTURA;IDIOMA:ES
Diet-density-during-the-first-week-of-life--Effects-on-energy-a_2017_Poultry.pdf,FUENTE:WEB;ESPECIE:AVICULTURA;TEMA:NUTRICION;FUENTE:CIENTIFICO;IDIOMA:EN
Relative-biological-value-of-1--hydroxycholecalciferol-to-25-h_2017_Poultry-.pdf,FUENTE:WEB;ESPECIE:AVICULTURA;FUENTE:CIENTIFICO;IDIOMA:ES
Research-Note--Expression-levels-of-collagen-related-genes-in-PS_2023_Poultr.pdf,FUENTE:WEB;TEMA:CALIDAD_CARNE;FUENTE:CIENTIFICO;ESPECIE:AVICULTURA;IDIOMA:ES
Lactobacillus--L--plantarum--amp--L--rhamnosus--and-Saccharomyces_2023_Poult.pdf,FUENTE:CIENTIFICO;ESPECIE:AVICULTURA;IDIOMA:ES
Effects-of-partial-or-complete-replacement-of-soybean-meal-with-co_2023_Poul.pdf,FUENTE:WEB;TEMA:NUTRICION;IDIOMA:EN
Allelic-variation-in-TLR4-is-linked-to-resistance-to-Salmonel_2017_Poultry-S.pdf,FUENTE:WEB;ESPECIE:AVICULTURA;TEMA:SANIDAD;IDIOMA:ES
Research-Note--Analysis-of-immune-responses-in-broilers-after-_2023_Poultry-.pdf,FUENTE:WEB;ESPECIE:AVICULTURA;TEMA:SANIDAD;FUENTE:CIENTIFICO;IDIOMA:EN
Detecting-thresholds-for-bitter--umami--and-sweet-tastants-in-_2017_Poultry-.pdf,FUENTE:WEB;ESPECIE:AVICULTURA;FUENTE:CIENTIFICO;IDIOMA:ES
Identification-of-candidate-genes-associated-with-skin-yello_2023_Poultry-Sc.pdf,FUENTE:WEB;ESPECIE:AVICULTURA;IDIOMA:ES
Dietary-protocatechuic-acid-ameliorates-ileal-mucosal-barrier-inju_2023_Poul.pdf,FUENTE:WEB;TEMA:NUTRICION;TEMA:SANIDAD;IDIOMA:ES
Phenamil--an-amiloride-derivative--restricts-long-bone-growth-a_2017_Poultry.pdf,FUENTE:WEB;ESPECIE:AVICULTURA;TEMA:PRODUCCION;FUENTE:CIENTIFICO;IDIOMA:ES
Effects-of-dietary-methyl-sulfonyl-methane--MSM--supplementation-o_2017_Poul.pdf,FUENTE:WEB;TEMA:NUTRICION;IDIOMA:EN
Ginsenoside-Rg1-and-Re-alleviates-inflammatory-responses-and-ox_2023_Poultry.pdf,FUENTE:WEB;ESPECIE:AVICULTURA;FUENTE:CIENTIFICO;IDIOMA:ES
Breast-muscle-white-striping-and-serum-corticosterone-reduced-_2023_Poultry-.pdf,FUENTE:WEB;ESPECIE:AVICULTURA;FUENTE:CIENTIFICO;IDIOMA:ES
Effects-of-full-fat-high-oleic-soybean-meal-in-layer-diets-on-nu_2023_Poultr.pdf,FUENTE:WEB;ESPECIE:AVICULTURA;TEMA:NUTRICION;FUENTE:CIENTIFICO;IDIOMA:EN
Effect-of-benzoic-acid--Enterococcus-faecium--and-essential-oil-c_2023_Poult.pdf,FUENTE:CIENTIFICO;ESPECIE:AVICULTURA;IDIOMA:ES
Antioxidant-status-in-the-blood--liver--and-muscle-tissue-of-tu_2023_Poultry.pdf,FUENTE:WEB;ESPECIE:AVICULTURA;TEMA:NUTRICION;FUENTE:CIENTIFICO;IDIOMA:ES
In-vitro-release-and-in-vivo-growth-promoting-effects-of-coa_2023_Poultry-Sc.pdf,FUENTE:WEB;ESPECIE:AVICULTURA;TEMA:PRODUCCION;IDIOMA:EN
Expression-of-host-defense-peptides-in-the-intestine-of-Eime_2017_Poultry-Sc.pdf,FUENTE:WEB;ESPECIE:AVICULTURA;IDIOMA:ES
Effects-of-chlorine-and-hydrogen-peroxide-sanitation-in-low-bact_2017_Poultr.pdf,FUENTE:WEB;TEMA:BIOSEGURIDAD;FUENTE:CIENTIFICO;ESPECIE:AVICULTURA;IDIOMA:EN
Evaluation-of-the-Danish-footpad-lesion-surveillance-in-convent_2017_Poultry.pdf,FUENTE:WEB;ESPECIE:AVICULTURA;FUENTE:CIENTIFICO;IDIOMA:EN
The-effects-of-Bacillus-coagulans-fermented-and-non-fermented-Gi_2017_Poultr.pdf,FUENTE:WEB;TEMA:NUTRICION;FUENTE:CIENTIFICO;ESPECIE:AVICULTURA;IDIOMA:EN
Precision-feeding--Innovative-management-of-broiler-breeder-f_2017_Poultry-S.pdf,FUENTE:WEB;ESPECIE:AVICULTURA;TEMA:MANEJO;IDIOMA:ES
Role-of-SNPs-located-in-the-exon-9-of-ATAPA1-gene-on-goose-_2023_Poultry-Sci.pdf,FUENTE:WEB;ESPECIE:AVICULTURA;TEMA:GENETICA;FUENTE:CIENTIFICO;IDIOMA:ES
Comparative-expression-of-host-defense-peptides-in-turkey_2017_Poultry-Scien.pdf,FUENTE:WEB;ESPECIE:AVICULTURA;FUENTE:CIENTIFICO;IDIOMA:ES
Zeolite-and-corn-with-different-compositions-in-broiler-ch_2023_Poultry-Scie.pdf,FUENTE:WEB;ESPECIE:AVICULTURA;TEMA:NUTRICION;FUENTE:CIENTIFICO;IDIOMA:ES
The-identification-of-fungi-collected-from-the-ceca-of-comm_2017_Poultry-Sci.pdf,FUENTE:WEB;ESPECIE:AVICULTURA;FUENTE:CIENTIFICO;IDIOMA:ES
Physicochemical-characteristics-of-meat-from-capons-derived-fro_2023_Poultry.pdf,FUENTE:WEB;ESPECIE:AVICULTURA;FUENTE:CIENTIFICO;IDIOMA:ES
miR-27b-3p-inhibits-estrogen-secretion-of-goose-granulosa-cells_2023_Poultry.pdf,FUENTE:WEB;ESPECIE:AVICULTURA;FUENTE:CIENTIFICO;IDIOMA:ES
Effect-of-dietary-supplementation-of-organic-or-inorganic-zinc-o_2017_Poultr.pdf,FUENTE:WEB;TEMA:NUTRICION;SUB:ECOLOGICO;FUENTE:CIENTIFICO;ESPECIE:AVICULTURA;IDIOMA:ES
Eggshell-biometrics-for-individual-egg-identification-based-o_2023_Poultry-S.pdf,FUENTE:WEB;ESPECIE:AVICULTURA;IDIOMA:ES
Genome-analysis-reveals-hepatic-transcriptional-reprogramming-c_2023_Poultry.pdf,FUENTE:WEB;ESPECIE:AVICULTURA;FUENTE:CIENTIFICO;IDIOMA:EN
The-cecal-ecosystem-is-a-great-contributor-to-intramuscular-_2023_Poultry-Sc.pdf,FUENTE:WEB;ESPECIE:AVICULTURA;IDIOMA:ES
Effect-of-excess-dietary-fluoride-on-laying-performance-and-a_2017_Poultry-S.pdf,FUENTE:WEB;ESPECIE:AVICULTURA;TEMA:NUTRICION;TEMA:PRODUCCION;IDIOMA:ES
The-release-of-FB1-induced-heterophil-extracellular-traps-in-c_2023_Poultry-.pdf,FUENTE:WEB;ESPECIE:AVICULTURA;FUENTE:CIENTIFICO;IDIOMA:ES
Dietary-supplementation-of-solubles-from-shredded--steam-explode_2023_Poultr.pdf,FUENTE:WEB;TEMA:NUTRICION;FUENTE:CIENTIFICO;ESPECIE:AVICULTURA;IDIOMA:ES
Global-gene-expression-analysis-of-the-turkey-hen-hypothalamo-p_2023_Poultry.pdf,FUENTE:WEB;ESPECIE:AVICULTURA;TEMA:GENETICA;FUENTE:CIENTIFICO;IDIOMA:EN
Influence-of-mycotoxin-binders-on-the-oral-bioavailability-of-ty_2017_Poultr.pdf,FUENTE:WEB;TEMA:NUTRICION;TEMA:SANIDAD;FUENTE:CIENTIFICO;ESPECIE:AVICULTURA;IDIOMA:ES
Serum-bone-remodeling-parameters-and-transcriptome-profiling-rev_2023_Poultr.pdf,FUENTE:WEB;TEMA:GENETICA;FUENTE:CIENTIFICO;ESPECIE:AVICULTURA;IDIOMA:ES
--glucans-and-MOS--essential-oil--and-probiotics-in-diets-of-br_2023_Poultry.pdf,FUENTE:WEB;ESPECIE:AVICULTURA;TEMA:NUTRICION;FUENTE:CIENTIFICO;IDIOMA:ES
Evaluation-of-USDA-approved-antimicrobials-on-the-reduction-of-S_2017_Poultr.pdf,FUENTE:WEB;TEMA:SANIDAD;FUENTE:CIENTIFICO;ESPECIE:AVICULTURA;IDIOMA:EN
H3K4me2-cooperates-with-Wnt-TCF7L2-to-regulate-TDRD1-and-promo_2023_Poultry-.pdf,FUENTE:WEB;ESPECIE:AVICULTURA;FUENTE:CIENTIFICO;IDIOMA:ES
Hydrolysis-of-phytate-to-its-lower-esters-can-influence-the-grow_2017_Poultr.pdf,FUENTE:WEB;TEMA:NUTRICION;FUENTE:CIENTIFICO;ESPECIE:AVICULTURA;IDIOMA:ES
Expanded-spectrum---lactamase-producing-Escherichia-coli-isola_2017_Poultry-.pdf,FUENTE:WEB;ESPECIE:AVICULTURA;FUENTE:CIENTIFICO;IDIOMA:ES
Effect-of-heat-stress-on-amino-acid-digestibility-and-transp_2017_Poultry-Sc.pdf,FUENTE:WEB;ESPECIE:AVICULTURA;TEMA:BIENESTAR;TEMA:NUTRICION;IDIOMA:ES
Egg-quality--hatchability--gosling-quality--and-amino-acid-profi_2023_Poultr.pdf,FUENTE:WEB;TEMA:NUTRICION;TEMA:PRODUCCION;TEMA:REPRODUCCION;FUENTE:CIENTIFICO;ESPECIE:AVICULTURA;IDIOMA:ES
Obesity-associated-cardiac-pathogenesis-in-broiler-breeder-hen_2017_Poultry-.pdf,FUENTE:WEB;ESPECIE:AVICULTURA;TEMA:SANIDAD;FUENTE:CIENTIFICO;IDIOMA:ES
Addition-of-a-protected-complex-of-biofactors-and-antioxidants-to_2023_Poult.pdf,FUENTE:CIENTIFICO;TEMA:NUTRICION;ESPECIE:AVICULTURA;IDIOMA:ES
Pathogenic-mechanism-of-Eimeria-tenella-autophagy-activation-of_2023_Poultry.pdf,FUENTE:WEB;ESPECIE:AVICULTURA;TEMA:SANIDAD;FUENTE:CIENTIFICO;IDIOMA:ES
Differential-proliferation-and-metabolic-activity-of-Sertoli-ce_2017_Poultry.pdf,FUENTE:WEB;ESPECIE:AVICULTURA;FUENTE:CIENTIFICO;IDIOMA:ES
Embryonic-thermal-manipulation-leads-growth-inhibition-and-reduce_2023_Poult.pdf,FUENTE:CIENTIFICO;TEMA:PRODUCCION;TEMA:REPRODUCCION;ESPECIE:AVICULTURA;IDIOMA:ES
Research-Note--A-mixture-of-Bacteroides-spp--and-other-probiotic-_2023_Poult.pdf,FUENTE:CIENTIFICO;TEMA:NUTRICION;ESPECIE:AVICULTURA;IDIOMA:ES
Profiling-intestinal-stem-and-proliferative-cells-in-the-small-i_2023_Poultr.pdf,FUENTE:WEB;TEMA:SANIDAD;FUENTE:CIENTIFICO;ESPECIE:AVICULTURA;IDIOMA:ES
Optimization-of-dietary-zinc-for-egg-production-and-antioxidant-_2017_Poultr.pdf,FUENTE:WEB;TEMA:NUTRICION;TEMA:PRODUCCION;FUENTE:CIENTIFICO;ESPECIE:AVICULTURA;IDIOMA:EN
New-statistical-approach-shows-that-hydroxy-methionine-is-nonin_2023_Poultry.pdf,FUENTE:WEB;ESPECIE:AVICULTURA;TEMA:NUTRICION;FUENTE:CIENTIFICO;IDIOMA:ES
Differences-in-textural-properties-of-cooked-caponized-and-b_2017_Poultry-Sc.pdf,FUENTE:WEB;ESPECIE:AVICULTURA;SUB:CAPONES;IDIOMA:ES
Dietary-phytogenic-inclusion-level-affects-production-performan_2023_Poultry.pdf,FUENTE:WEB;ESPECIE:AVICULTURA;TEMA:NUTRICION;TEMA:PRODUCCION;FUENTE:CIENTIFICO;IDIOMA:EN
Effects-of-supplemented-mode-of-emulsifier-on-growth-performance_2023_Poultr.pdf,FUENTE:WEB;TEMA:NUTRICION;TEMA:PRODUCCION;FUENTE:CIENTIFICO;ESPECIE:AVICULTURA;IDIOMA:EN
Straight-run-vs--sex-separate-rearing-for-two-broiler-genetic-l_2017_Poultry.pdf,FUENTE:WEB;ESPECIE:AVICULTURA;TEMA:GENETICA;TEMA:MANEJO;FUENTE:CIENTIFICO;IDIOMA:ES
Assessing-the-impact-of-egg-sweating-on-Salmonella-Enteritid_2017_Poultry-Sc.pdf,FUENTE:WEB;ESPECIE:AVICULTURA;TEMA:SANIDAD;IDIOMA:ES
Temporal-changes-of-genes-associated-with-intestinal-homeostasis_2023_Poultr.pdf,FUENTE:WEB;TEMA:SANIDAD;FUENTE:CIENTIFICO;ESPECIE:AVICULTURA;IDIOMA:ES
Duck-Circovirus-genotype-2-ORF3-protein-induces-apoptosis-thr_2023_Poultry-S.pdf,FUENTE:WEB;ESPECIE:AVICULTURA;TEMA:GENETICA;TEMA:NUTRICION;IDIOMA:ES
Rearing-system-affects-prevalence-of-keel-bone-damage-in-laying_2017_Poultry.pdf,FUENTE:WEB;ESPECIE:AVICULTURA;TEMA:MANEJO;FUENTE:CIENTIFICO;IDIOMA:ES
The-effect-of-feed-supplementation-with-Zakarpacki-zeolite--clin_2017_Poultr.pdf,FUENTE:WEB;TEMA:NUTRICION;FUENTE:CIENTIFICO;ESPECIE:AVICULTURA;IDIOMA:ES
Construction-of-low-intestinal-bacteria-model-and-its-effect-on_2023_Poultry.pdf,FUENTE:WEB;ESPECIE:AVICULTURA;TEMA:SANIDAD;FUENTE:CIENTIFICO;IDIOMA:ES
Developmental-morphology-study-on-the-stomach-of-African-o_2017_Poultry-Scie.pdf,FUENTE:WEB;ESPECIE:AVICULTURA;FUENTE:CIENTIFICO;IDIOMA:EN
Nitrogen-corrected-apparent-metabolizable-energy-values-of-ba_2017_Poultry-S.pdf,FUENTE:WEB;ESPECIE:AVICULTURA;TEMA:NUTRICION;IDIOMA:ES
Obesity-associated-cardiac-pathogenesis-in-broiler-breeder-hen_2017_Poultry1.pdf,FUENTE:WEB;ESPECIE:AVICULTURA;TEMA:SANIDAD;FUENTE:CIENTIFICO;IDIOMA:ES
Effects-of-dietary-coarsely-ground-corn-and-3-bedding-floor-types_2017_Poult.pdf,FUENTE:CIENTIFICO;TEMA:MANEJO;TEMA:NUTRICION;ESPECIE:AVICULTURA;IDIOMA:EN
Specific-expression-of-alternatively-spliced-genes-in-the-turkey-_2023_Poult.pdf,FUENTE:CIENTIFICO;TEMA:GENETICA;ESPECIE:AVICULTURA;IDIOMA:ES
Effect-of-feeding-soybean-meal-and-differently-processed-peas-_2017_Poultry-.pdf,FUENTE:WEB;ESPECIE:AVICULTURA;TEMA:NUTRICION;FUENTE:CIENTIFICO;IDIOMA:ES
Genomic-characteristics--pathogenicity-and-viral-shedding-of-_2023_Poultry-S.pdf,FUENTE:WEB;ESPECIE:AVICULTURA;TEMA:GENETICA;TEMA:SANIDAD;IDIOMA:ES
The-effect-of-amylase-supplementation-on-individual-variation--_2023_Poultry.pdf,FUENTE:WEB;ESPECIE:AVICULTURA;TEMA:NUTRICION;FUENTE:CIENTIFICO;IDIOMA:ES
Evaluation-of-disinfectants-and-antiseptics-to-eliminate-bacter_2017_Poultry.pdf,FUENTE:WEB;ESPECIE:AVICULTURA;TEMA:BIOSEGURIDAD;FUENTE:CIENTIFICO;IDIOMA:EN
Maternal-and-genetic-effects-on-broiler-bone-properties-dur_2017_Poultry-Sci.pdf,FUENTE:WEB;ESPECIE:AVICULTURA;TEMA:GENETICA;FUENTE:CIENTIFICO;IDIOMA:EN
Effect-of-dietary-concentrations-of-metabolizable-energy-and-neutr_2023_Poul.pdf,FUENTE:WEB;TEMA:NUTRICION;IDIOMA:ES
Phylogenetic-and-pathogenic-analysis-of-Mycoplasma-Synoviae-is_2017_Poultry-.pdf,FUENTE:WEB;ESPECIE:AVICULTURA;TEMA:SANIDAD;FUENTE:CIENTIFICO;IDIOMA:EN
Relative-metabolizable-energy-values-for-fats-and-oils-in-you_2017_Poultry-S.pdf,FUENTE:WEB;ESPECIE:AVICULTURA;TEMA:NUTRICION;IDIOMA:ES
Utilizing-in-ovo-telemetry-to-examine-the-effects-of-reduced-inc_2023_Poultr.pdf,FUENTE:WEB;TEMA:REPRODUCCION;TEMA:IOT;FUENTE:CIENTIFICO;ESPECIE:AVICULTURA;IDIOMA:EN
Fear--anxiety--and-production-in-laying-hens-with-healed-ke_2023_Poultry-Sci.pdf,FUENTE:WEB;ESPECIE:AVICULTURA;TEMA:PRODUCCION;FUENTE:CIENTIFICO;IDIOMA:EN
Productive-performance--egg-quality--and-hatching-traits-of-Ja_2017_Poultry-.pdf,FUENTE:WEB;ESPECIE:AVICULTURA;TEMA:PRODUCCION;FUENTE:CIENTIFICO;IDIOMA:ES
Effect-of-dietary-supplementation-of-organic-or-inorganic-manga_2017_Poultry.pdf,FUENTE:WEB;ESPECIE:AVICULTURA;TEMA:NUTRICION;SUB:ECOLOGICO;FUENTE:CIENTIFICO;IDIOMA:ES
The-effect-of-Bacillus-subtilis-and-its-delivery-route-on-hatch-a_2023_Poult.pdf,FUENTE:CIENTIFICO;TEMA:REPRODUCCION;ESPECIE:AVICULTURA;IDIOMA:ES
Quantification-of-secretory-IgA-and-mucin-excretion-and-their-cont_2023_Poul.pdf,FUENTE:WEB;TEMA:SANIDAD;IDIOMA:ES
Trans-cinnamaldehyde-nanoemulsion-wash-inactivates-Salmonella-E_2023_Poultry.pdf,FUENTE:WEB;ESPECIE:AVICULTURA;TEMA:SANIDAD;FUENTE:CIENTIFICO;IDIOMA:ES
Gait-parameters-in-four-strains-of-turkeys-and-correlations_2017_Poultry-Sci.pdf,FUENTE:WEB;ESPECIE:AVICULTURA;FUENTE:CIENTIFICO;IDIOMA:ES
Impact-of-maternal-heat-stress-in-conjunction-with-dietary-zinc-s_2017_Poult.pdf,FUENTE:CIENTIFICO;TEMA:BIENESTAR;TEMA:NUTRICION;ESPECIE:AVICULTURA;IDIOMA:ES
Safety-evaluation-of-daidzein-in-laying-hens--Effects-on-laying-_2017_Poultr.pdf,FUENTE:WEB;ESPECIE:AVICULTURA;FUENTE:CIENTIFICO;IDIOMA:EN
Effects-of-feeding-Original-XPC--to-broilers-with-a-live-coccidi_2017_Poultr.pdf,FUENTE:WEB;ESPECIE:AVICULTURA;TEMA:SANIDAD;FUENTE:CIENTIFICO;IDIOMA:EN
Study-on-the-expression-of-human-lysozyme-in-oviduct-bioreactor_2017_Poultry.pdf,FUENTE:WEB;ESPECIE:AVICULTURA;FUENTE:CIENTIFICO;IDIOMA:EN
Characterization-of-indigenous-Aseel-chicken-breed-for-morpholo_2017_Poultry.pdf,FUENTE:WEB;ESPECIE:AVICULTURA;TEMA:RAZAS;FUENTE:CIENTIFICO;IDIOMA:ES
Integration-of-transcriptome-sequencing-and-whole-genome-reseque_2023_Poultr.pdf,FUENTE:WEB;TEMA:GENETICA;FUENTE:CIENTIFICO;ESPECIE:AVICULTURA;IDIOMA:EN
Prevalence-and-drug-resistance-of-avian-Eimeria-species-in-bro_2017_Poultry-.pdf,FUENTE:WEB;ESPECIE:AVICULTURA;TEMA:SANIDAD;FUENTE:CIENTIFICO;IDIOMA:ES
Bacillus-subtilis-s-train-specificity-affects-performance-im_2017_Poultry-Sc.pdf,FUENTE:WEB;ESPECIE:AVICULTURA;TEMA:PRODUCCION;IDIOMA:ES
Research-Note--Impact-of-Eimeria-on-apparent-retention-of-compone_2023_Poult.pdf,FUENTE:CIENTIFICO;TEMA:SANIDAD;ESPECIE:AVICULTURA;IDIOMA:ES
Influence-of-the-calcium-and-nutrient-content-of-the-prelay-diet-_2023_Poult.pdf,FUENTE:CIENTIFICO;TEMA:NUTRICION;ESPECIE:AVICULTURA;IDIOMA:ES
Genetic-and-microbiome-analysis-of-feed-efficiency-in-lay_2023_Poultry-Scien.pdf,FUENTE:WEB;ESPECIE:AVICULTURA;TEMA:GENETICA;TEMA:NUTRICION;FUENTE:CIENTIFICO;IDIOMA:EN
A-financial-comparison-of-small-scale-quail-and-laying-hen-_2023_Poultry-Sci.pdf,FUENTE:WEB;ESPECIE:AVICULTURA;TEMA:REPRODUCCION;FUENTE:CIENTIFICO;IDIOMA:ES
Prevalence--antimicrobial-resistance-and-genetic-diversity-of-Ca_2017_Poultr.pdf,FUENTE:WEB;TEMA:GENETICA;TEMA:SANIDAD;FUENTE:CIENTIFICO;ESPECIE:AVICULTURA;IDIOMA:ES
In-ovo-evaluation-of-FloraMax--B11-on-Marek-s-disease-HVT-vaccine-_2017_Poul.pdf,FUENTE:WEB;TEMA:SANIDAD;TEMA:REPRODUCCION;IDIOMA:EN
Coenzyme-Q10-enhances-testicular-functions-and-sexual-behavior-thr_2023_Poul.pdf,FUENTE:WEB;TEMA:BIENESTAR;IDIOMA:ES
Protective-effects-of-Fagopyrum-dibotrys-on-oxidized-oil-induced-_2023_Poult.pdf,FUENTE:CIENTIFICO;TEMA:SANIDAD;ESPECIE:AVICULTURA;IDIOMA:EN
Corrigendum-to--Intestinal-brush-border-assembly-during-the-peri-_2023_Poult.pdf,FUENTE:CIENTIFICO;TEMA:SANIDAD;ESPECIE:AVICULTURA;IDIOMA:ES
Particulate-matter-in-poultry-house-on-poultry-respiratory-d_2023_Poultry-Sc.pdf,FUENTE:WEB;ESPECIE:AVICULTURA;IDIOMA:ES
Contrafreeloading-and-foraging-related-behavior-in-hens-differ_2023_Poultry-.pdf,FUENTE:WEB;ESPECIE:AVICULTURA;TEMA:BIENESTAR;FUENTE:CIENTIFICO;IDIOMA:ES
Development-and-evaluation-of-an-indirect-enzyme-linked-immunoso_2023_Poultr.pdf,FUENTE:WEB;TEMA:NUTRICION;TEMA:SANIDAD;FUENTE:CIENTIFICO;ESPECIE:AVICULTURA;IDIOMA:EN
Factors-affecting-space-use-by-laying-hens-in-a-cage-free-aviary_2023_Poultr.pdf,FUENTE:WEB;ESPECIE:AVICULTURA;TEMA:MANEJO;TEMA:BIENESTAR;FUENTE:CIENTIFICO;IDIOMA:ES
Efficacy-of-three-different-cervical-dislocation-methods-for-_2023_Poultry-S.pdf,FUENTE:WEB;ESPECIE:AVICULTURA;IDIOMA:ES
Red-osier-dogwood-extract-vs--trimethoprim-sulfadiazine--Part-2--_2023_Poult.pdf,FUENTE:CIENTIFICO;ESPECIE:AVICULTURA;IDIOMA:ES
Characterization-of-four-thermogelled-egg-yolk-varieties-base_2023_Poultry-S.pdf,FUENTE:WEB;ESPECIE:AVICULTURA;IDIOMA:ES
Egg-production--egg-quality--organ-weight--bone-ash--and-plasma-me_2023_Poul.pdf,FUENTE:WEB;TEMA:PRODUCCION;IDIOMA:EN
Use-of-Acheta-domesticus-meal-as-a-full-soybean-substitute-in_2023_Poultry-S.pdf,FUENTE:WEB;ESPECIE:AVICULTURA;TEMA:NUTRICION;IDIOMA:ES
Impacts-of-supplemental-Ginkgo-biloba-oil-on-broilers--growth--b_2023_Poultr.pdf,FUENTE:WEB;ESPECIE:AVICULTURA;TEMA:NUTRICION;TEMA:PRODUCCION;FUENTE:CIENTIFICO;IDIOMA:ES
Mucosal-phosphatase-activity--phytate-degradation--and-mineral-dig_2023_Poul.pdf,FUENTE:WEB;TEMA:NUTRICION;IDIOMA:ES
Nutritional-evaluation-of-conventional-and-increased-protein--_2017_Poultry-.pdf,FUENTE:WEB;ESPECIE:AVICULTURA;TEMA:NUTRICION;FUENTE:CIENTIFICO;IDIOMA:EN
The-brain-specific-upregulation-of-CARD11-in-response-to-avian-_2023_Poultry.pdf,FUENTE:WEB;ESPECIE:AVICULTURA;FUENTE:CIENTIFICO;IDIOMA:ES
Dietary-soy-galactooligosaccharides-affect-the-performance--int_2023_Poultry.pdf,FUENTE:WEB;ESPECIE:AVICULTURA;TEMA:NUTRICION;TEMA:PRODUCCION;FUENTE:CIENTIFICO;IDIOMA:ES
03_phd_thesis_jorgenavarrogarcia.pdf,FUENTE:CIENTIFICO;FUENTE:INTERNO;ESPECIE:BOVINO;TEMA:MANEJO;TEMA:BIENESTAR;TEMA:PRODUCCION;TEMA:IOT;IDIOMA:ES;IDIOMA:EN
cda-export (15).csv,FUENTE:WEB;FUENTE:INTERNO;TEMA:DIGITAL_TWINS;IDIOMA:ES
1-s2.0-S0032579123000263-main.pdf,FUENTE:CIENTIFICO;ESPECIE:AVICULTURA;TEMA:GENETICA;TEMA:RAZAS;TEMA:NORMATIVA;TEMA:MANEJO;TEMA:NUTRICION;TEMA:SANIDAD;TEMA:CALIDAD_CARNE;TEMA:PRODUCCION;TEMA:REPRODUCCION;SUB:EXTENSIVO;SUB:CAPONES;IDIOMA:EN
1-s2.0-S0003909825006988-main.pdf,FUENTE:CIENTIFICO;ESPECIE:PORCINO;ESPECIE:AVICULTURA;SUB:CAPONES;IDIOMA:EN
estudio_1def.pdf,FUENTE:INTERNO;TEMA:PRODUCCION;TEMA:REPRODUCCION;IDIOMA:ES
82guia_mtd_sector_avicultura_puesta.pdf,FUENTE:WEB;ESPECIE:AVICULTURA;IDIOMA:ES
cda-export (19).csv,FUENTE:WEB;FUENTE:INTERNO;TEMA:DIGITAL_TWINS;IDIOMA:ES
cda-export (16).csv,FUENTE:WEB;FUENTE:INTERNO;TEMA:DIGITAL_TWINS;IDIOMA:ES
1-s2.0-S0167587725002879-main.pdf,FUENTE:CIENTIFICO;ESPECIE:AVICULTURA;TEMA:NORMATIVA;TEMA:BIOSEGURIDAD;TEMA:BIENESTAR;TEMA:SANIDAD;TEMA:PRODUCCION;TEMA:IOT;SUB:EXTENSIVO;IDIOMA:EN
1-s2.0-S0032579122004230-main.pdf,FUENTE:CIENTIFICO;ESPECIE:AVICULTURA;TEMA:GENETICA;TEMA:MANEJO;TEMA:BIENESTAR;TEMA:NUTRICION;TEMA:SANIDAD;TEMA:PRODUCCION;TEMA:REPRODUCCION;IDIOMA:EN
1-s2.0-S0032579125011599-main.pdf,FUENTE:CIENTIFICO;ESPECIE:AVICULTURA;TEMA:GENETICA;TEMA:RAZAS;TEMA:MANEJO;TEMA:BIENESTAR;TEMA:NUTRICION;TEMA:SANIDAD;TEMA:CALIDAD_CARNE;TEMA:PRODUCCION;SUB:EXTENSIVO;SUB:CAPONES;IDIOMA:EN
1-s2.0-S0032579119311642-main.pdf,FUENTE:CIENTIFICO;ESPECIE:AVICULTURA;TEMA:RAZAS;TEMA:NUTRICION;TEMA:CALIDAD_CARNE;TEMA:PRODUCCION;SUB:CAPONES;IDIOMA:EN
cda-export (6).csv,FUENTE:WEB;FUENTE:INTERNO;TEMA:DIGITAL_TWINS;IDIOMA:ES
1-s2.0-S003257911930197X-main.pdf,FUENTE:CIENTIFICO;ESPECIE:AVICULTURA;TEMA:RAZAS;TEMA:NORMATIVA;TEMA:NUTRICION;TEMA:SANIDAD;TEMA:CALIDAD_CARNE;TEMA:PRODUCCION;TEMA:REPRODUCCION;SUB:CAPONES;IDIOMA:EN
1-s2.0-S0032579119313604-main.pdf,FUENTE:CIENTIFICO;ESPECIE:AVICULTURA;TEMA:RAZAS;TEMA:SANIDAD;TEMA:CALIDAD_CARNE;TEMA:PRODUCCION;SUB:CAPONES;IDIOMA:EN
cda-export (2).csv,FUENTE:WEB;FUENTE:INTERNO;TEMA:DIGITAL_TWINS;IDIOMA:ES
1-s2.0-S1751731116002378-main.pdf,FUENTE:CIENTIFICO;ESPECIE:AVICULTURA;TEMA:RAZAS;TEMA:MANEJO;TEMA:NUTRICION;TEMA:CALIDAD_CARNE;TEMA:PRODUCCION;SUB:CAPONES;IDIOMA:EN
2025-07-09-nuevo-formato_datos-2024_indicadores-anuales-vacuno-de-carne.pdf,FUENTE:WEB;ESPECIE:BOVINO;IDIOMA:ES
cda-export (7).csv,FUENTE:WEB;FUENTE:INTERNO;TEMA:DIGITAL_TWINS;IDIOMA:ES
1-s2.0-S2095311913606334-main.pdf,FUENTE:CIENTIFICO;ESPECIE:AVICULTURA;TEMA:BIENESTAR;TEMA:NUTRICION;TEMA:CALIDAD_CARNE;TEMA:PRODUCCION;SUB:EXTENSIVO;SUB:CAPONES;IDIOMA:EN
cda-export (20).csv,FUENTE:WEB;FUENTE:INTERNO;TEMA:DIGITAL_TWINS;IDIOMA:ES
1-s2.0-S003257911931716X-main.pdf,FUENTE:CIENTIFICO;ESPECIE:AVICULTURA;TEMA:RAZAS;TEMA:BIENESTAR;TEMA:NUTRICION;TEMA:CALIDAD_CARNE;TEMA:PRODUCCION;TEMA:REPRODUCCION;SUB:CAPONES;IDIOMA:EN
1-s2.0-S0032579125007096-main.pdf,FUENTE:CIENTIFICO;ESPECIE:AVICULTURA;TEMA:NORMATIVA;TEMA:MANEJO;TEMA:SANIDAD;TEMA:PRODUCCION;TEMA:IOT;IDIOMA:EN
cda-export (3).csv,FUENTE:WEB;FUENTE:INTERNO;TEMA:DIGITAL_TWINS;IDIOMA:ES
1-s2.0-S0032579119566147-main.pdf,FUENTE:CIENTIFICO;ESPECIE:AVICULTURA;TEMA:RAZAS;TEMA:MANEJO;TEMA:NUTRICION;TEMA:CALIDAD_CARNE;TEMA:PRODUCCION;SUB:CAPONES;IDIOMA:EN
1-s2.0-S0032579119311320-main.pdf,FUENTE:CIENTIFICO;ESPECIE:AVICULTURA;TEMA:RAZAS;TEMA:BIENESTAR;TEMA:NUTRICION;TEMA:SANIDAD;TEMA:PRODUCCION;SUB:CAPONES;IDIOMA:EN
cda-export (4).csv,FUENTE:WEB;FUENTE:INTERNO;TEMA:DIGITAL_TWINS;IDIOMA:ES
cda-export (23).csv,FUENTE:WEB;FUENTE:INTERNO;TEMA:DIGITAL_TWINS;IDIOMA:ES
cda-export (13).csv,FUENTE:WEB;FUENTE:INTERNO;TEMA:DIGITAL_TWINS;IDIOMA:ES
cda-export (22).csv,FUENTE:WEB;FUENTE:INTERNO;TEMA:DIGITAL_TWINS;IDIOMA:ES
cda-export (14).csv,FUENTE:WEB;FUENTE:INTERNO;TEMA:DIGITAL_TWINS;IDIOMA:ES
1-s2.0-S0032579119318395-main.pdf,FUENTE:CIENTIFICO;ESPECIE:AVICULTURA;TEMA:RAZAS;TEMA:BIENESTAR;TEMA:NUTRICION;TEMA:SANIDAD;TEMA:CALIDAD_CARNE;TEMA:PRODUCCION;SUB:EXTENSIVO;SUB:CAPONES;IDIOMA:PT;IDIOMA:EN
1-s2.0-S0032579119321030-main.pdf,FUENTE:CIENTIFICO;ESPECIE:AVICULTURA;TEMA:RAZAS;TEMA:MANEJO;TEMA:NUTRICION;TEMA:SANIDAD;TEMA:CALIDAD_CARNE;TEMA:PRODUCCION;SUB:CAPONES;IDIOMA:EN
1-s2.0-S0032579119315755-main.pdf,FUENTE:CIENTIFICO;ESPECIE:BOVINO;ESPECIE:PORCINO;ESPECIE:AVICULTURA;TEMA:BIENESTAR;TEMA:NUTRICION;TEMA:SANIDAD;TEMA:CALIDAD_CARNE;TEMA:PRODUCCION;SUB:CAPONES;IDIOMA:PT;IDIOMA:EN
cda-export (10).csv,FUENTE:WEB;FUENTE:INTERNO;TEMA:DIGITAL_TWINS;IDIOMA:ES
Aplicacions pràctiques de la identificació electrònica Quines implicacions té per al ramader1749551199937.pdf,FUENTE:WEB;ESPECIE:BOVINO;TEMA:RAZAS;TEMA:BIENESTAR;TEMA:SANIDAD;TEMA:PRODUCCION;SUB:EXTENSIVO;IDIOMA:ES
1-s2.0-S1751731112001024-main.pdf,FUENTE:CIENTIFICO;ESPECIE:AVICULTURA;TEMA:GENETICA;TEMA:RAZAS;TEMA:NORMATIVA;TEMA:MANEJO;TEMA:NUTRICION;TEMA:CALIDAD_CARNE;TEMA:PRODUCCION;SUB:CAPONES;IDIOMA:EN
cda-export (21).csv,FUENTE:WEB;FUENTE:INTERNO;TEMA:DIGITAL_TWINS;IDIOMA:ES
1-s2.0-S0032579119314440-main.pdf,FUENTE:CIENTIFICO;ESPECIE:AVICULTURA;TEMA:GENETICA;TEMA:NUTRICION;TEMA:CALIDAD_CARNE;TEMA:PRODUCCION;SUB:CAPONES;IDIOMA:EN
Valenciana_de_Chulilla.md,FUENTE:MAPA;ESPECIE:AVICULTURA;TEMA:RAZAS;TEMA:PRODUCCION;IDIOMA:ES
Gallina_Castellana_Negra.md,FUENTE:WEB;ESPECIE:AVICULTURA;IDIOMA:ES
Gallina_del_Sobrarbe.md,FUENTE:WEB;ESPECIE:AVICULTURA;IDIOMA:ES
Gallina_Pedresa.md,FUENTE:WEB;ESPECIE:AVICULTURA;IDIOMA:ES
Menorquina_Aviar.md,FUENTE:MAPA;ESPECIE:AVICULTURA;TEMA:RAZAS;TEMA:CALIDAD_CARNE;TEMA:PRODUCCION;TEMA:REPRODUCCION;IDIOMA:ES
Gallina_Extremeña_Azul.md,FUENTE:WEB;ESPECIE:AVICULTURA;IDIOMA:ES
Indio_de_León.md,FUENTE:MAPA;ESPECIE:AVICULTURA;TEMA:RAZAS;TEMA:MANEJO;TEMA:PRODUCCION;SUB:EXTENSIVO;IDIOMA:ES
Andaluza_Azul.md,FUENTE:MAPA;ESPECIE:AVICULTURA;TEMA:RAZAS;TEMA:CALIDAD_CARNE;TEMA:PRODUCCION;IDIOMA:ES
Utrerana.md,FUENTE:MAPA;ESPECIE:AVICULTURA;TEMA:RAZAS;TEMA:PRODUCCION;TEMA:REPRODUCCION;SUB:INTENSIVO;IDIOMA:ES
Pita_Pinta.md,FUENTE:MAPA;ESPECIE:AVICULTURA;TEMA:RAZAS;TEMA:MANEJO;TEMA:NUTRICION;TEMA:CALIDAD_CARNE;TEMA:PRODUCCION;TEMA:REPRODUCCION;SUB:INTENSIVO;SUB:EXTENSIVO;IDIOMA:ES
Gallina_del_Prat.md,FUENTE:WEB;ESPECIE:AVICULTURA;IDIOMA:ES
Pardo_de_León.md,FUENTE:MAPA;ESPECIE:AVICULTURA;TEMA:RAZAS;TEMA:MANEJO;TEMA:PRODUCCION;SUB:EXTENSIVO;IDIOMA:ES
Gallina_Eivissenca.md,FUENTE:WEB;ESPECIE:AVICULTURA;IDIOMA:ES
Galiña_de_Mos.md,FUENTE:MAPA;ESPECIE:AVICULTURA;TEMA:RAZAS;TEMA:MANEJO;TEMA:PRODUCCION;SUB:CAPONES;IDIOMA:ES
Penedesenca.md,FUENTE:MAPA;ESPECIE:AVICULTURA;TEMA:RAZAS;TEMA:MANEJO;TEMA:SANIDAD;IDIOMA:ES
Mallorquina_Aviar.md,FUENTE:MAPA;ESPECIE:AVICULTURA;TEMA:RAZAS;TEMA:MANEJO;TEMA:BIENESTAR;TEMA:PRODUCCION;TEMA:REPRODUCCION;IDIOMA:ES
Gallina_Empordanesa.md,FUENTE:WEB;ESPECIE:AVICULTURA;IDIOMA:ES
Euskal_Oiloa.md,FUENTE:MAPA;ESPECIE:AVICULTURA;TEMA:RAZAS;TEMA:PRODUCCION;IDIOMA:ES
Murciana_Aviar.md,FUENTE:MAPA;ESPECIE:AVICULTURA;TEMA:RAZAS;TEMA:NORMATIVA;TEMA:PRODUCCION;IDIOMA:ES
Oca_Empordanesa.md,FUENTE:MAPA;TEMA:RAZAS;TEMA:PRODUCCION;TEMA:REPRODUCCION;IDIOMA:ES
Euskal_Antzara.md,FUENTE:MAPA;TEMA:RAZAS;TEMA:PRODUCCION;IDIOMA:ES
Combatiente_Español.md,FUENTE:MAPA;ESPECIE:AVICULTURA;TEMA:RAZAS;TEMA:MANEJO;TEMA:CALIDAD_CARNE;TEMA:PRODUCCION;IDIOMA:ES
Morucha_var_Negra.md,FUENTE:MAPA;ESPECIE:BOVINO;TEMA:RAZAS;TEMA:MANEJO;TEMA:PRODUCCION;SUB:EXTENSIVO;IDIOMA:ES
Asturiana_de_la_Montaña.md,FUENTE:MAPA;ESPECIE:BOVINO;TEMA:RAZAS;TEMA:NUTRICION;IDIOMA:ES
Serrana_Negra.md,FUENTE:MAPA;ESPECIE:BOVINO;TEMA:RAZAS;TEMA:MANEJO;TEMA:PRODUCCION;SUB:EXTENSIVO;IDIOMA:ES
Bruna_de_los_Pirineos.md,FUENTE:MAPA;ESPECIE:BOVINO;TEMA:GENETICA;TEMA:RAZAS;TEMA:MANEJO;TEMA:PRODUCCION;TEMA:REPRODUCCION;SUB:EXTENSIVO;IDIOMA:ES
Limiá.md,FUENTE:MAPA;ESPECIE:BOVINO;TEMA:RAZAS;TEMA:MANEJO;TEMA:PRODUCCION;TEMA:REPRODUCCION;SUB:EXTENSIVO;IDIOMA:ES
Rubia_Gallega.md,FUENTE:MAPA;ESPECIE:BOVINO;TEMA:RAZAS;TEMA:NUTRICION;TEMA:CALIDAD_CARNE;TEMA:PRODUCCION;IDIOMA:ES
Frieiresa.md,FUENTE:MAPA;ESPECIE:BOVINO;TEMA:RAZAS;TEMA:MANEJO;TEMA:PRODUCCION;TEMA:REPRODUCCION;SUB:EXTENSIVO;IDIOMA:ES
Asturiana_de_los_Valles.md,FUENTE:MAPA;ESPECIE:BOVINO;TEMA:RAZAS;TEMA:MANEJO;TEMA:REPRODUCCION;IDIOMA:ES
Monchina.md,FUENTE:MAPA;ESPECIE:BOVINO;TEMA:GENETICA;TEMA:RAZAS;TEMA:MANEJO;TEMA:PRODUCCION;TEMA:REPRODUCCION;SUB:EXTENSIVO;IDIOMA:ES
Pajuna.md,FUENTE:MAPA;ESPECIE:BOVINO;TEMA:RAZAS;TEMA:PRODUCCION;TEMA:REPRODUCCION;SUB:EXTENSIVO;IDIOMA:ES
Menorquina_Bovino.md,FUENTE:WEB;ESPECIE:BOVINO;IDIOMA:ES
Alistana-Sanabresa.md,FUENTE:MAPA;ESPECIE:BOVINO;TEMA:RAZAS;TEMA:MANEJO;TEMA:PRODUCCION;SUB:EXTENSIVO;IDIOMA:ES
Albera.md,FUENTE:MAPA;ESPECIE:BOVINO;ESPECIE:PORCINO;TEMA:GENETICA;TEMA:RAZAS;TEMA:MANEJO;TEMA:NUTRICION;SUB:EXTENSIVO;IDIOMA:ES
Negra_Andaluza.md,FUENTE:MAPA;ESPECIE:BOVINO;TEMA:RAZAS;TEMA:MANEJO;TEMA:PRODUCCION;TEMA:REPRODUCCION;IDIOMA:ES
Frisona.md,FUENTE:MAPA;ESPECIE:BOVINO;TEMA:GENETICA;TEMA:RAZAS;TEMA:MANEJO;TEMA:PRODUCCION;TEMA:REPRODUCCION;SUB:INTENSIVO;SUB:EXTENSIVO;IDIOMA:ES
Sayaguesa.md,FUENTE:MAPA;ESPECIE:BOVINO;TEMA:RAZAS;TEMA:PRODUCCION;SUB:EXTENSIVO;IDIOMA:ES
Charolesa.md,FUENTE:MAPA;ESPECIE:BOVINO;TEMA:RAZAS;TEMA:MANEJO;TEMA:PRODUCCION;TEMA:REPRODUCCION;IDIOMA:ES
Avileña-Negra_Ibérica_var_Bociblanca.md,FUENTE:WEB;TEMA:RAZAS;IDIOMA:ES
Murciana-Levantina.md,FUENTE:MAPA;ESPECIE:BOVINO;TEMA:RAZAS;TEMA:MANEJO;TEMA:BIENESTAR;TEMA:NUTRICION;TEMA:REPRODUCCION;SUB:EXTENSIVO;IDIOMA:ES
Pirenaica.md,FUENTE:MAPA;ESPECIE:BOVINO;ESPECIE:PORCINO;TEMA:RAZAS;TEMA:PRODUCCION;IDIOMA:ES
Palmera_Bovino.md,FUENTE:WEB;ESPECIE:BOVINO;IDIOMA:ES
Berrenda_en_Colorado.md,FUENTE:MAPA;ESPECIE:BOVINO;ESPECIE:PORCINO;TEMA:RAZAS;TEMA:MANEJO;TEMA:NUTRICION;TEMA:PRODUCCION;TEMA:REPRODUCCION;SUB:INTENSIVO;SUB:EXTENSIVO;IDIOMA:ES
Blanca_Cacereña.md,FUENTE:MAPA;ESPECIE:BOVINO;TEMA:RAZAS;SUB:EXTENSIVO;IDIOMA:ES
Berrenda_en_Negro.md,FUENTE:MAPA;ESPECIE:BOVINO;ESPECIE:PORCINO;TEMA:RAZAS;TEMA:MANEJO;TEMA:NUTRICION;TEMA:PRODUCCION;SUB:INTENSIVO;SUB:EXTENSIVO;IDIOMA:ES
Canaria_Bovino.md,FUENTE:WEB;ESPECIE:BOVINO;IDIOMA:ES
Mantequera_Leonesa.md,FUENTE:MAPA;ESPECIE:BOVINO;TEMA:RAZAS;IDIOMA:ES
Terreña.md,FUENTE:MAPA;ESPECIE:BOVINO;TEMA:RAZAS;TEMA:MANEJO;TEMA:PRODUCCION;SUB:EXTENSIVO;IDIOMA:ES
Marismeña_Bovino.md,FUENTE:WEB;ESPECIE:BOVINO;IDIOMA:ES
Betizu.md,FUENTE:MAPA;ESPECIE:BOVINO;TEMA:GENETICA;TEMA:RAZAS;TEMA:MANEJO;TEMA:REPRODUCCION;SUB:EXTENSIVO;IDIOMA:ES
Cárdena_Andaluza.md,FUENTE:MAPA;ESPECIE:BOVINO;TEMA:RAZAS;SUB:EXTENSIVO;IDIOMA:ES
Morucha.md,FUENTE:MAPA;ESPECIE:BOVINO;TEMA:RAZAS;TEMA:REPRODUCCION;SUB:EXTENSIVO;IDIOMA:PT;IDIOMA:ES
Pasiega.md,FUENTE:MAPA;ESPECIE:BOVINO;TEMA:RAZAS;TEMA:CALIDAD_CARNE;IDIOMA:ES
Blonda_de_Aquitania.md,FUENTE:MAPA;ESPECIE:BOVINO;TEMA:RAZAS;TEMA:CALIDAD_CARNE;TEMA:PRODUCCION;IDIOMA:ES
Parda.md,FUENTE:MAPA;ESPECIE:BOVINO;TEMA:GENETICA;TEMA:RAZAS;TEMA:MANEJO;TEMA:PRODUCCION;TEMA:REPRODUCCION;SUB:INTENSIVO;IDIOMA:ES
Vianesa.md,FUENTE:MAPA;ESPECIE:BOVINO;TEMA:RAZAS;TEMA:PRODUCCION;IDIOMA:ES
Pallaresa.md,FUENTE:MAPA;ESPECIE:BOVINO;TEMA:RAZAS;TEMA:MANEJO;TEMA:PRODUCCION;SUB:EXTENSIVO;IDIOMA:ES
Caldelá.md,FUENTE:MAPA;ESPECIE:BOVINO;TEMA:RAZAS;TEMA:MANEJO;TEMA:CALIDAD_CARNE;SUB:EXTENSIVO;IDIOMA:ES
Fleckvieh.md,FUENTE:MAPA;ESPECIE:BOVINO;TEMA:RAZAS;TEMA:CALIDAD_CARNE;TEMA:PRODUCCION;IDIOMA:ES
Serrana_de_Teruel.md,FUENTE:MAPA;ESPECIE:BOVINO;TEMA:GENETICA;TEMA:RAZAS;TEMA:SANIDAD;SUB:EXTENSIVO;IDIOMA:ES
Mallorquina_Bovino.md,FUENTE:WEB;ESPECIE:BOVINO;IDIOMA:ES
Cachena.md,FUENTE:MAPA;ESPECIE:BOVINO;TEMA:GENETICA;TEMA:RAZAS;TEMA:SANIDAD;TEMA:CALIDAD_CARNE;SUB:EXTENSIVO;IDIOMA:PT;IDIOMA:ES
Tudanca.md,FUENTE:MAPA;ESPECIE:BOVINO;TEMA:RAZAS;IDIOMA:ES
Limusina.md,FUENTE:MAPA;ESPECIE:BOVINO;TEMA:RAZAS;TEMA:MANEJO;TEMA:CALIDAD_CARNE;TEMA:PRODUCCION;TEMA:REPRODUCCION;SUB:EXTENSIVO;IDIOMA:ES
Parda_de_Montaña.md,FUENTE:MAPA;ESPECIE:BOVINO;TEMA:RAZAS;TEMA:MANEJO;TEMA:NUTRICION;TEMA:CALIDAD_CARNE;TEMA:PRODUCCION;TEMA:REPRODUCCION;SUB:INTENSIVO;SUB:EXTENSIVO;IDIOMA:ES
Retinta.md,FUENTE:MAPA;ESPECIE:BOVINO;TEMA:RAZAS;TEMA:PRODUCCION;SUB:EXTENSIVO;IDIOMA:ES
Lidia.md,FUENTE:MAPA;ESPECIE:BOVINO;TEMA:RAZAS;IDIOMA:ES
Avileña-Negra_Ibérica.md,FUENTE:WEB;TEMA:RAZAS;IDIOMA:ES
Aviagen_Sobre_Aviagen_Genética_Global.md,FUENTE:WEB;TEMA:GENETICA;IDIOMA:ES
Aviagen_ID_Investigación_y_Desarrollo.md,FUENTE:CIENTIFICO;ESPECIE:AVICULTURA;TEMA:GENETICA;TEMA:MANEJO;TEMA:BIOSEGURIDAD;TEMA:BIENESTAR;TEMA:NUTRICION;TEMA:SANIDAD;TEMA:PRODUCCION;IDIOMA:ES;IDIOMA:EN
Aviagen_Sostenibilidad.md,FUENTE:CIENTIFICO;ESPECIE:AVICULTURA;TEMA:GENETICA;TEMA:MANEJO;TEMA:BIOSEGURIDAD;TEMA:BIENESTAR;TEMA:NUTRICION;TEMA:SANIDAD;TEMA:PRODUCCION;IDIOMA:ES;IDIOMA:EN
Hubbard_Hembras_Recesivas.md,FUENTE:WEB;TEMA:RAZAS;IDIOMA:ES
Hubbard_Sobre_Nosotros.md,FUENTE:WEB;TEMA:RAZAS;IDIOMA:ES
Hubbard_Hembras_Premium_crecimiento_lento.md,FUENTE:WEB;TEMA:RAZAS;TEMA:PRODUCCION;IDIOMA:ES
Hubbard_Gama_Convencional.md,FUENTE:WEB;TEMA:RAZAS;IDIOMA:ES
Scarlet_Ponedora_de_Color.md,FUENTE:WEB;ESPECIE:AVICULTURA;TEMA:GENETICA;TEMA:MANEJO;TEMA:BIOSEGURIDAD;TEMA:CALIDAD_CARNE;TEMA:PRODUCCION;SUB:EXTENSIVO;IDIOMA:ES
Powdy_Ponedora_de_Color.md,FUENTE:WEB;ESPECIE:AVICULTURA;TEMA:GENETICA;TEMA:RAZAS;TEMA:BIOSEGURIDAD;TEMA:PRODUCCION;IDIOMA:ES
Thunder_X88_Pollo_Engorde_Pesado.md,FUENTE:WEB;ESPECIE:PORCINO;ESPECIE:AVICULTURA;IDIOMA:ES
SASSO_Programa_de_Cría.md,FUENTE:WEB;ESPECIE:PORCINO;ESPECIE:AVICULTURA;TEMA:GENETICA;TEMA:MANEJO;TEMA:PRODUCCION;IDIOMA:ES
Ruby_XL_XL44_Pollo_Engorde_Pesado.md,FUENTE:WEB;ESPECIE:PORCINO;ESPECIE:AVICULTURA;IDIOMA:ES
Rainbow_X_Pollo_Engorde_Pesado.md,FUENTE:WEB;ESPECIE:PORCINO;ESPECIE:AVICULTURA;IDIOMA:ES
Ivory_Ponedora_de_Color.md,FUENTE:WEB;ESPECIE:AVICULTURA;TEMA:GENETICA;TEMA:BIOSEGURIDAD;TEMA:PRODUCCION;IDIOMA:ES
Ruby_C_C44_Pollo_Engorde_Pesado.md,FUENTE:WEB;ESPECIE:PORCINO;ESPECIE:AVICULTURA;IDIOMA:ES
SA31A_Hembra_Reproductora.md,FUENTE:WEB;ESPECIE:AVICULTURA;TEMA:GENETICA;TEMA:PRODUCCION;SUB:EXTENSIVO;IDIOMA:ES
Carminy_Ponedora_de_Color.md,FUENTE:WEB;ESPECIE:AVICULTURA;TEMA:GENETICA;TEMA:RAZAS;TEMA:BIOSEGURIDAD;TEMA:CALIDAD_CARNE;TEMA:PRODUCCION;IDIOMA:ES
SA51N_Hembra_Reproductora.md,FUENTE:WEB;ESPECIE:AVICULTURA;TEMA:GENETICA;TEMA:PRODUCCION;SUB:ECOLOGICO;IDIOMA:ES
T55NPB_Pollo_Engorde_Ligero.md,FUENTE:WEB;ESPECIE:PORCINO;ESPECIE:AVICULTURA;IDIOMA:ES
Amazone_Ponedora_de_Color.md,FUENTE:WEB;ESPECIE:AVICULTURA;TEMA:GENETICA;TEMA:BIOSEGURIDAD;TEMA:PRODUCCION;IDIOMA:ES
Silver_Ponedora_de_Color.md,FUENTE:WEB;ESPECIE:AVICULTURA;TEMA:GENETICA;TEMA:MANEJO;TEMA:BIOSEGURIDAD;TEMA:PRODUCCION;IDIOMA:ES
Gris_Cendré_Pollo_Engorde_Ligero.md,FUENTE:WEB;ESPECIE:PORCINO;ESPECIE:AVICULTURA;IDIOMA:ES
SASSO_Concepto_Label_Rouge.md,FUENTE:WEB;ESPECIE:AVICULTURA;TEMA:GENETICA;TEMA:RAZAS;TEMA:MANEJO;TEMA:NUTRICION;TEMA:CALIDAD_CARNE;TEMA:PRODUCCION;IDIOMA:ES
Ruby_N_XL44N_Pollo_Engorde_Pesado.md,FUENTE:WEB;ESPECIE:PORCINO;ESPECIE:AVICULTURA;IDIOMA:ES
T44NI_Pollo_Engorde_Ligero.md,FUENTE:WEB;ESPECIE:PORCINO;ESPECIE:AVICULTURA;IDIOMA:ES
Irona_Ponedora_de_Color.md,FUENTE:WEB;ESPECIE:AVICULTURA;TEMA:GENETICA;TEMA:MANEJO;TEMA:BIOSEGURIDAD;TEMA:PRODUCCION;IDIOMA:ES
SASSO_Sobre_Nosotros.md,FUENTE:WEB;ESPECIE:AVICULTURA;TEMA:GENETICA;TEMA:MANEJO;TEMA:PRODUCCION;SUB:EXTENSIVO;IDIOMA:ES
Ciara_Ponedora_de_Color.md,FUENTE:WEB;ESPECIE:AVICULTURA;TEMA:GENETICA;TEMA:RAZAS;TEMA:BIOSEGURIDAD;TEMA:PRODUCCION;SUB:EXTENSIVO;IDIOMA:ES
Marble_X_MBX_Pollo_Engorde_Pesado.md,FUENTE:WEB;ESPECIE:PORCINO;ESPECIE:AVICULTURA;IDIOMA:ES
SA51A_Hembra_Reproductora.md,FUENTE:WEB;ESPECIE:AVICULTURA;TEMA:GENETICA;TEMA:PRODUCCION;SUB:EXTENSIVO;IDIOMA:ES
Ruby_T_T44_Pollo_Engorde_Ligero.md,FUENTE:WEB;ESPECIE:PORCINO;ESPECIE:AVICULTURA;IDIOMA:ES
Mamba_N_T77N_Pollo_Engorde_Ligero.md,FUENTE:WEB;ESPECIE:PORCINO;ESPECIE:AVICULTURA;IDIOMA:ES
Ibérico_var_Retinto.md,FUENTE:WEB;TEMA:RAZAS;IDIOMA:ES
Ibérico.md,FUENTE:WEB;TEMA:RAZAS;IDIOMA:ES
Porco_Celta.md,FUENTE:MAPA;ESPECIE:PORCINO;TEMA:RAZAS;TEMA:NORMATIVA;TEMA:PRODUCCION;SUB:EXTENSIVO;IDIOMA:ES
Ibérico_var_Torbiscal.md,FUENTE:WEB;TEMA:RAZAS;IDIOMA:ES
Large_White.md,FUENTE:WEB;TEMA:RAZAS;IDIOMA:ES
Porc_Negre_Mallorquí.md,FUENTE:MAPA;ESPECIE:PORCINO;TEMA:RAZAS;TEMA:CALIDAD_CARNE;TEMA:PRODUCCION;IDIOMA:PT;IDIOMA:ES
Ibérico_var_Manchado_de_Jabugo.md,FUENTE:WEB;TEMA:RAZAS;IDIOMA:ES
Landrace.md,FUENTE:WEB;TEMA:RAZAS;IDIOMA:ES
Duroc.md,FUENTE:WEB;TEMA:RAZAS;IDIOMA:ES
Negra_Canaria.md,FUENTE:MAPA;ESPECIE:PORCINO;TEMA:RAZAS;TEMA:CALIDAD_CARNE;TEMA:PRODUCCION;IDIOMA:ES
Ibérico_var_Entrepelado.md,FUENTE:WEB;TEMA:RAZAS;IDIOMA:ES
Gochu_Asturcelta.md,FUENTE:MAPA;ESPECIE:PORCINO;TEMA:GENETICA;TEMA:RAZAS;TEMA:MANEJO;TEMA:PRODUCCION;TEMA:REPRODUCCION;SUB:INTENSIVO;SUB:EXTENSIVO;SUB:ECOLOGICO;IDIOMA:ES
Pietrain.md,FUENTE:WEB;TEMA:RAZAS;IDIOMA:ES
Chato_Murciano.md,FUENTE:MAPA;ESPECIE:PORCINO;TEMA:RAZAS;TEMA:BIENESTAR;SUB:INTENSIVO;IDIOMA:ES
Ibérico_var_Lampiño.md,FUENTE:WEB;TEMA:RAZAS;IDIOMA:ES
Euskal_Txerria.md,FUENTE:MAPA;ESPECIE:PORCINO;TEMA:RAZAS;TEMA:NUTRICION;TEMA:PRODUCCION;SUB:EXTENSIVO;IDIOMA:ES
instruccionespara datasets para SDeedy.md,FUENTE:WEB;TEMA:DATASETS;IDIOMA:ES
Vision_Artificial_Porcino_AIFARMS_PigLife_v2.md,FUENTE:WEB;ESPECIE:PORCINO;IDIOMA:ES
Vision_Artificial_Porcino_AIFARMS_PigLife.md,FUENTE:WEB;ESPECIE:PORCINO;IDIOMA:ES
CEP_AgrospAI_Alimentacion_Automatica_Porcino.md,FUENTE:WEB;ESPECIE:PORCINO;IDIOMA:ES
CDA_cda-export_8_SoilObserved.md,FUENTE:WEB;FUENTE:INTERNO;TEMA:DIGITAL_TWINS;IDIOMA:ES
CDA_cda-export_5_Silo.md,FUENTE:WEB;FUENTE:INTERNO;TEMA:DIGITAL_TWINS;IDIOMA:ES
CDA_cda-export_23_AgriParcel.md,FUENTE:WEB;FUENTE:INTERNO;TEMA:DIGITAL_TWINS;IDIOMA:ES
CDA_cda-export_22_AgroWeatherForecast.md,FUENTE:WEB;FUENTE:INTERNO;TEMA:DIGITAL_TWINS;IDIOMA:ES
CDA_cda-export_21_IrrigationPivot.md,FUENTE:WEB;FUENTE:INTERNO;TEMA:DIGITAL_TWINS;IDIOMA:ES
CDA_cda-export_20_IrrigationRecommendation.md,FUENTE:WEB;FUENTE:INTERNO;TEMA:DIGITAL_TWINS;IDIOMA:ES
CDA_cda-export_1_Animal.md,FUENTE:WEB;FUENTE:INTERNO;TEMA:DIGITAL_TWINS;IDIOMA:ES
CDA_cda-export_19_SoilObserved.md,FUENTE:WEB;FUENTE:INTERNO;TEMA:DIGITAL_TWINS;IDIOMA:ES
CDA_cda-export_18_SoilObserved.md,FUENTE:WEB;FUENTE:INTERNO;TEMA:DIGITAL_TWINS;IDIOMA:ES
CDA_cda-export_16_AgroPlagueObserved.md,FUENTE:WEB;FUENTE:INTERNO;TEMA:DIGITAL_TWINS;IDIOMA:ES
CDA_cda-export_15_AgroWeatherObserved.md,FUENTE:WEB;FUENTE:INTERNO;TEMA:DIGITAL_TWINS;IDIOMA:ES
CDA_cda-export_14_AgriParcel.md,FUENTE:WEB;FUENTE:INTERNO;TEMA:DIGITAL_TWINS;IDIOMA:ES
CDA_cda-export_13_AgroWeatherObserved.md,FUENTE:WEB;FUENTE:INTERNO;TEMA:DIGITAL_TWINS;IDIOMA:ES
CDA_cda-export_10_Feeder.md,FUENTE:WEB;FUENTE:INTERNO;TEMA:DIGITAL_TWINS;IDIOMA:ES
Produtos_Tradicionais_Portugueses_-_Capão_de_Freamunde_IGP.md,FUENTE:WEB;SUB:CAPONES;ESPECIE:AVICULTURA;IDIOMA:PT
test.md,FUENTE:WEB;IDIOMA:ES
HARVARD_GLW_GLPS_LIVESTOCK_GLOBAL_DATA.md,FUENTE:HARVARD;FUENTE:CIENTIFICO;FUENTE:INTERNO;ESPECIE:BOVINO;ESPECIE:PORCINO;ESPECIE:AVICULTURA;TEMA:MANEJO;TEMA:PRODUCCION;TEMA:RAG;TEMA:DATASETS;SUB:INTENSIVO;SUB:EXTENSIVO;SUB:ECOLOGICO;IDIOMA:ES;IDIOMA:EN
capon polaco.pdf,FUENTE:WEB;SUB:CAPONES;ESPECIE:AVICULTURA;IDIOMA:ES
Capon_Production_-_Breeding_Stock_Rooster_Castrati.pdf,FUENTE:WEB;ESPECIE:AVICULTURA;TEMA:PRODUCCION;SUB:CAPONES;IDIOMA:EN
46_345.pdf,FUENTE:CIENTIFICO;ESPECIE:AVICULTURA;TEMA:RAZAS;TEMA:NUTRICION;TEMA:CALIDAD_CARNE;TEMA:PRODUCCION;SUB:CAPONES;IDIOMA:EN
2009_XVIIIjornadassobreproduccionanimal_AIDA_CaponofFreamunde.pdf,FUENTE:WEB;ESPECIE:AVICULTURA;TEMA:RAZAS;TEMA:NUTRICION;TEMA:CALIDAD_CARNE;TEMA:PRODUCCION;SUB:CAPONES;IDIOMA:PT
animals-15-01703-v2.pdf,FUENTE:CIENTIFICO;ESPECIE:AVICULTURA;TEMA:GENETICA;TEMA:RAZAS;TEMA:CALIDAD_CARNE;TEMA:PRODUCCION;IDIOMA:EN
75-Article Text-75-1-10-20100301.pdf,FUENTE:CIENTIFICO;FUENTE:INTERNO;ESPECIE:AVICULTURA;TEMA:RAZAS;TEMA:NORMATIVA;TEMA:MANEJO;TEMA:BIENESTAR;TEMA:CALIDAD_CARNE;TEMA:PRODUCCION;SUB:INTENSIVO;SUB:EXTENSIVO;SUB:CAPONES;IDIOMA:EN
ijiaar-667-manuscript-195006.pdf,FUENTE:CIENTIFICO;ESPECIE:AVICULTURA;TEMA:GENETICA;TEMA:MANEJO;TEMA:NUTRICION;TEMA:CALIDAD_CARNE;TEMA:PRODUCCION;SUB:EXTENSIVO;IDIOMA:EN
Proyecto Capones 23-ene-26.pdf,FUENTE:WEB;SUB:CAPONES;ESPECIE:AVICULTURA;IDIOMA:ES
5fda0e2c4a9e0bb3645fbb70c949d1122ea7.pdf,FUENTE:CIENTIFICO;ESPECIE:AVICULTURA;TEMA:GENETICA;TEMA:BIENESTAR;TEMA:NUTRICION;TEMA:SANIDAD;TEMA:CALIDAD_CARNE;TEMA:PRODUCCION;SUB:EXTENSIVO;SUB:ECOLOGICO;IDIOMA:EN
Proyecto “Capones Premium” – Presentación para Inversores.pdf,FUENTE:WEB;SUB:CAPONES;ESPECIE:AVICULTURA;IDIOMA:ES
The-effect-of-two-different-defatted-insect-meals-in-Japanese-qua_2026_Poult.pdf,FUENTE:CIENTIFICO;TEMA:NUTRICION;ESPECIE:AVICULTURA;IDIOMA:ES
Emerging-zoonotic-risks--whole-genome-sequencing-reveals-antimicr_2026_Poult.pdf,FUENTE:CIENTIFICO;TEMA:GENETICA;TEMA:SANIDAD;ESPECIE:AVICULTURA;IDIOMA:EN
Dietary-genistein-supplementation-enhances-reproductive-and-b_2026_Poultry-S.pdf,FUENTE:WEB;ESPECIE:AVICULTURA;TEMA:NUTRICION;IDIOMA:ES
Digital_Twin_Application_Making_a_Virtual_Pig_Hous.pdf,FUENTE:WEB;ESPECIE:PORCINO;TEMA:DIGITAL_TWINS;IDIOMA:ES
02.-Razas_de_animales_domesticos.pdf,FUENTE:WEB;TEMA:RAZAS;IDIOMA:ES
InteImplementation of an IoTBased Livestock Monitoring System Using Mioty.pdf,FUENTE:WEB;TEMA:IOT;IDIOMA:EN
Sow Farming Technology & IoT- 7.pdf,FUENTE:WEB;ESPECIE:PORCINO;TEMA:IOT;IDIOMA:ES
SEEDY - Worker- Coder & Data (Prompt para Copilot + MCP).md,FUENTE:INTERNO;FUENTE:GUIA_TECNICA;ESPECIE:BOVINO;ESPECIE:PORCINO;TEMA:GENETICA;TEMA:NORMATIVA;TEMA:BIOSEGURIDAD;TEMA:SANIDAD;TEMA:IOT;TEMA:RAG;TEMA:PIPELINE;TEMA:DATASETS;IDIOMA:ES
_RESUMEN_NeoFarm_Nutricion_Papers.md,FUENTE:INTERNO;TEMA:NUTRICION;IDIOMA:ES
_RESUMEN_PorciData_IoT_Hardware.md,FUENTE:INTERNO;ESPECIE:PORCINO;TEMA:IOT;IDIOMA:ES
_RESUMEN_Normativa_SIGE_Porcino.md,FUENTE:INTERNO;ESPECIE:PORCINO;TEMA:NORMATIVA;IDIOMA:ES
recortes prensa sobre capones.md,FUENTE:WEB;SUB:CAPONES;ESPECIE:AVICULTURA;IDIOMA:ES
CHICKEN_GENETICS_CALCULATOR_DATA.md,FUENTE:WEB;ESPECIE:AVICULTURA;TEMA:GENETICA;IDIOMA:ES
Método selección genética app.pdf,FUENTE:WEB;TEMA:GENETICA;IDIOMA:ES
ajol-file-journals_19_articles_3595_submission_proof_3595-217-71369-1-10-20090108.pdf,FUENTE:CIENTIFICO;IDIOMA:ES
Módulo Python para Análisis Genético Avícola (EBVs y GEBVs).pdf,FUENTE:INTERNO;TEMA:GENETICA;IDIOMA:ES
Migración de servicios a VLAN30 en Proxmox VE 8.x.pdf,FUENTE:WEB;IDIOMA:ES
cruces_gourmet_segovia.csv,FUENTE:WEB;ESPECIE:BOVINO;TEMA:RAZAS;TEMA:CALIDAD_CARNE;TEMA:PRODUCCION;SUB:EXTENSIVO;IDIOMA:ES
Sodium Butyrate in Pig Nutrition_.pdf,FUENTE:WEB;ESPECIE:PORCINO;TEMA:NUTRICION;IDIOMA:ES
RAF Nutricion & Formulacion + Lonjas.md,FUENTE:WEB;TEMA:NUTRICION;FUENTE:INTERNO;IDIOMA:ES
PorciData_Nutricion_Precision_IA.docx,FUENTE:INTERNO;ESPECIE:PORCINO;TEMA:NUTRICION;IDIOMA:ES
PorciData_Motor_Nutricion_Tecnico_2026.docx,FUENTE:INTERNO;ESPECIE:PORCINO;TEMA:NUTRICION;IDIOMA:ES
Enzymes in Enhancing pigs.pdf,FUENTE:WEB;ESPECIE:PORCINO;TEMA:NUTRICION;IDIOMA:ES
"Comparativa de Edades, Pesos y Rentabilidad en Vacuno de Carne (Sistemas Extensivos en España).pdf",FUENTE:WEB;ESPECIE:BOVINO;IDIOMA:ES
seedy_repo_structure.md,FUENTE:INTERNO;ESPECIE:BOVINO;ESPECIE:PORCINO;TEMA:GENETICA;TEMA:NORMATIVA;TEMA:BIENESTAR;TEMA:NUTRICION;TEMA:SANIDAD;TEMA:IOT;TEMA:RAG;TEMA:PIPELINE;TEMA:DATASETS;SUB:INTENSIVO;SUB:EXTENSIVO;SUB:CAPONES;IDIOMA:ES
seedy_rag_pipeline.md,FUENTE:INTERNO;TEMA:RAG;TEMA:PIPELINE;IDIOMA:ES
"Seedy Vision Dataset Builder (Avicola, Porcino y Vacuno).md",FUENTE:INTERNO;ESPECIE:BOVINO;ESPECIE:PORCINO;TEMA:DATASETS;IDIOMA:ES
SEEDY — Arquitectura de IA Agritech (Prompt Base del Proyecto).md,FUENTE:INTERNO;TEMA:ARQUITECTURA;IDIOMA:ES
PorciData_IoT_Ampliacion_Piloto_3Naves.docx,FUENTE:INTERNO;ESPECIE:PORCINO;TEMA:IOT;IDIOMA:ES
PorciData_Analisis_Competitivo_2026.docx,FUENTE:INTERNO;ESPECIE:PORCINO;IDIOMA:ES
PorciData_7Capas_DIY_IA_Autonoma.docx,FUENTE:INTERNO;ESPECIE:PORCINO;IDIOMA:ES
tabla---reduccion-vacuno-mtd-unece.pdf,FUENTE:WEB;ESPECIE:BOVINO;IDIOMA:ES
RD306_2020_SIGE_Porcino.md,FUENTE:WEB;ESPECIE:PORCINO;TEMA:NORMATIVA;FUENTE:INTERNO;IDIOMA:ES
RD1135_2002_GUIA_APLICACION_RAG_PORCINO.md,FUENTE:GUIA_TECNICA;ESPECIE:PORCINO;TEMA:NORMATIVA;TEMA:RAG;FUENTE:INTERNO;IDIOMA:ES
ECOGAN_PORCINO_2026_RAG.md,FUENTE:WEB;ESPECIE:PORCINO;TEMA:NORMATIVA;TEMA:RAG;FUENTE:INTERNO;IDIOMA:ES
Virulence-attenuation-of-intestinal-pathogenicity-via-combined-ge_2026_Poult.pdf,FUENTE:CIENTIFICO;TEMA:SANIDAD;ESPECIE:AVICULTURA;IDIOMA:ES
Using-Spirulina--Limnospira-platensis--as-an-alternative-feedstu_2026_Poultr.pdf,FUENTE:WEB;FUENTE:CIENTIFICO;ESPECIE:AVICULTURA;IDIOMA:ES
Transcription-profiles-of-chicken-liver-and-spleen-in-response-_2026_Poultry.pdf,FUENTE:WEB;ESPECIE:AVICULTURA;FUENTE:CIENTIFICO;IDIOMA:ES
Toxicological-profile-and-hepatotoxic-mechanism-of-Caulis-sin_2026_Poultry-S.pdf,FUENTE:WEB;ESPECIE:AVICULTURA;IDIOMA:ES
The-mechanism-by-which-methylase-METTL3-affects-intramuscul_2026_Poultry-Sci.pdf,FUENTE:WEB;ESPECIE:AVICULTURA;FUENTE:CIENTIFICO;IDIOMA:ES
The-impact-of-polystyrene-nanoplastics-on-the-chicken-gut-and-_2026_Poultry-.pdf,FUENTE:WEB;ESPECIE:AVICULTURA;FUENTE:CIENTIFICO;IDIOMA:ES
The-effects-of-drinking-water-with-essential-oils-organic-acids-bl_2026_Poul.pdf,FUENTE:WEB;SUB:ECOLOGICO;IDIOMA:EN
The-effect-of-dietary-supplementation-with-varying-levels-of-sod_2026_Poultr.pdf,FUENTE:WEB;TEMA:NUTRICION;FUENTE:CIENTIFICO;ESPECIE:AVICULTURA;IDIOMA:ES
The-amplification-of-bacteriophages-using-Salmonella-YB1-as-a-h_2026_Poultry.pdf,FUENTE:WEB;ESPECIE:AVICULTURA;TEMA:SANIDAD;FUENTE:CIENTIFICO;IDIOMA:ES
Synergistic-impacts-of-garlic-and-curcumin-on-growth-performance_2026_Poultr.pdf,FUENTE:WEB;TEMA:PRODUCCION;FUENTE:CIENTIFICO;ESPECIE:AVICULTURA;IDIOMA:ES
Structurally-distinct-yeast-derived---glucans-modulate-intestina_2026_Poultr.pdf,FUENTE:WEB;FUENTE:CIENTIFICO;ESPECIE:AVICULTURA;IDIOMA:ES
Single-cell-transcriptomics-reveals-diversity-and-conservati_2026_Poultry-Sc.pdf,FUENTE:WEB;ESPECIE:AVICULTURA;TEMA:GENETICA;IDIOMA:ES
Single-cell-transcriptomics-of-chicken-ovarian-cancer-identify_2026_Poultry-.pdf,FUENTE:WEB;ESPECIE:AVICULTURA;TEMA:GENETICA;FUENTE:CIENTIFICO;IDIOMA:ES
Single-and-combined-effects-of-parenteral-vitamins-D3--A-and-K3-_2026_Poultr.pdf,FUENTE:WEB;TEMA:NUTRICION;FUENTE:CIENTIFICO;ESPECIE:AVICULTURA;IDIOMA:EN
Role-of-PI3K-gene-family-as-a-molecular-hub-for-regulation-of-gr_2026_Poultr.pdf,FUENTE:WEB;TEMA:NORMATIVA;FUENTE:CIENTIFICO;ESPECIE:AVICULTURA;IDIOMA:ES
Research-note--Transient-behavioral-effects-of-feed-restriction-i_2026_Poult.pdf,FUENTE:CIENTIFICO;TEMA:NUTRICION;ESPECIE:AVICULTURA;IDIOMA:EN
Research-note--Integration-of-GWAS-and-RNA-seq-identifies-mutat_2026_Poultry.pdf,FUENTE:WEB;ESPECIE:AVICULTURA;TEMA:GENETICA;FUENTE:CIENTIFICO;IDIOMA:ES
Research-note--Comparative-estimation-of-genetic-parameters-f_2026_Poultry-S.pdf,FUENTE:WEB;ESPECIE:AVICULTURA;TEMA:GENETICA;IDIOMA:ES
Research-note--An-Adaptive-Lasso-based-genome-wide-association_2026_Poultry-.pdf,FUENTE:WEB;ESPECIE:AVICULTURA;TEMA:GENETICA;FUENTE:CIENTIFICO;IDIOMA:EN
Renoprotective-effects-of-perennial-ryegrass-attenuate-UA-mediat_2026_Poultr.pdf,FUENTE:WEB;FUENTE:CIENTIFICO;ESPECIE:AVICULTURA;IDIOMA:EN
Reconsidering-amino-acid-matrix-values--6-phytase-benefits-beyon_2026_Poultr.pdf,FUENTE:WEB;TEMA:NUTRICION;FUENTE:CIENTIFICO;ESPECIE:AVICULTURA;IDIOMA:ES
RESEARCH-NOTE--Effect-of-inhibition-of-bone-morphogenetic-protei_2026_Poultr.pdf,FUENTE:WEB;FUENTE:CIENTIFICO;ESPECIE:AVICULTURA;IDIOMA:ES
RACK1-inhibits-fowl-adenovirus-serotype-4-replication-by-target_2026_Poultry.pdf,FUENTE:WEB;ESPECIE:AVICULTURA;FUENTE:CIENTIFICO;IDIOMA:ES
Portulaca-oleracea-L--extract-repairs-chicken-cecal-barrier-d_2026_Poultry-S.pdf,FUENTE:WEB;ESPECIE:AVICULTURA;IDIOMA:ES
Phytogenic-feed-additive-mitigates-necrotic-enteritis-associat_2026_Poultry-.pdf,FUENTE:WEB;ESPECIE:AVICULTURA;TEMA:NUTRICION;TEMA:SANIDAD;FUENTE:CIENTIFICO;IDIOMA:ES
Pathogenicity-and-genomic-characterization-of-Brazilian-fowl_2026_Poultry-Sc.pdf,FUENTE:WEB;ESPECIE:AVICULTURA;TEMA:GENETICA;TEMA:SANIDAD;IDIOMA:ES
Pathogenicity--immunogenicity--and-cross-protective-efficacy-of-r_2026_Poult.pdf,FUENTE:CIENTIFICO;TEMA:SANIDAD;ESPECIE:AVICULTURA;IDIOMA:ES
Pathogenesis-of-NGPV-and-DuCV-CO-infection-pathogenicity-analysi_2026_Poultr.pdf,FUENTE:WEB;TEMA:SANIDAD;FUENTE:CIENTIFICO;ESPECIE:AVICULTURA;IDIOMA:ES
Ovalbumin--lysozyme--and-ovomucoid-gene-polymorphisms--Implica_2026_Poultry-.pdf,FUENTE:WEB;ESPECIE:AVICULTURA;TEMA:GENETICA;FUENTE:CIENTIFICO;IDIOMA:ES
Nutritional-value-evaluation-of-solid-state-fermented-sorghum-fe_2026_Poultr.pdf,FUENTE:WEB;TEMA:NUTRICION;FUENTE:CIENTIFICO;ESPECIE:AVICULTURA;IDIOMA:EN
Nutritional-strategies-to-mitigate-sub-clinical-coccidiosis-_2026_Poultry-Sc.pdf,FUENTE:WEB;ESPECIE:AVICULTURA;TEMA:SANIDAD;IDIOMA:ES
Nanopore-long-read-RNA-sequencing-reveals-key-genes-regulating-_2026_Poultry.pdf,FUENTE:WEB;ESPECIE:AVICULTURA;TEMA:GENETICA;FUENTE:CIENTIFICO;IDIOMA:ES
Multifunctional-elevated-platforms-for-improving-thermoregulat_2026_Poultry-.pdf,FUENTE:WEB;ESPECIE:AVICULTURA;FUENTE:CIENTIFICO;IDIOMA:ES
Multi-tissue-transcriptomic-profiling-reveals-the-internal-phys_2026_Poultry.pdf,FUENTE:WEB;ESPECIE:AVICULTURA;TEMA:GENETICA;FUENTE:CIENTIFICO;IDIOMA:ES
Moringa-stenopetala-leaf-as-an-alternative-protein-source-to-soy_2026_Poultr.pdf,FUENTE:WEB;TEMA:NUTRICION;FUENTE:CIENTIFICO;ESPECIE:AVICULTURA;IDIOMA:ES
Lactobacillus-salivarius-SNK-6-improves-egg-quality--yolk-nutrien_2026_Poult.pdf,FUENTE:CIENTIFICO;TEMA:PRODUCCION;ESPECIE:AVICULTURA;IDIOMA:ES
KNLR--A-heterogeneous-ensemble-learner-for-predicting-Foie-gras_2026_Poultry.pdf,FUENTE:WEB;ESPECIE:AVICULTURA;FUENTE:CIENTIFICO;IDIOMA:ES
Iron-manganese-superoxide-dismutases-are-primarily-responsible-f_2026_Poultr.pdf,FUENTE:WEB;FUENTE:CIENTIFICO;ESPECIE:AVICULTURA;IDIOMA:ES
Interactive-effects-of-dietary-crude-protein-reduction-and-resis_2026_Poultr.pdf,FUENTE:WEB;TEMA:NUTRICION;FUENTE:CIENTIFICO;ESPECIE:AVICULTURA;IDIOMA:EN
Integrated-omics-analysis-reveals-the-age-dependent-dynamic-cha_2026_Poultry.pdf,FUENTE:WEB;ESPECIE:AVICULTURA;FUENTE:CIENTIFICO;IDIOMA:EN
Insights-into-speckled-eggs-provided-by-single-cell-transcrip_2026_Poultry-S.pdf,FUENTE:WEB;ESPECIE:AVICULTURA;IDIOMA:ES
Insight-into-the-mechanism-of-Galega-orientalis-Lam--flavonoid-ex_2026_Poult.pdf,FUENTE:CIENTIFICO;ESPECIE:AVICULTURA;IDIOMA:ES
Influence-of-age-on-net-energy-and-dietary-phytase-supplementatio_2026_Poult.pdf,FUENTE:CIENTIFICO;TEMA:NUTRICION;ESPECIE:AVICULTURA;IDIOMA:ES
Individual-pre-slaughter-muscle-proteolysis-levels-correlated-wi_2026_Poultr.pdf,FUENTE:WEB;TEMA:PRODUCCION;FUENTE:CIENTIFICO;ESPECIE:AVICULTURA;IDIOMA:ES
Increased-activity-in-broiler-chickens-is-associated-with-b_2026_Poultry-Sci.pdf,FUENTE:WEB;ESPECIE:AVICULTURA;FUENTE:CIENTIFICO;IDIOMA:ES
In-ovo-injection-of-vitamin-D3-improves-intestinal-development_2026_Poultry-.pdf,FUENTE:WEB;ESPECIE:AVICULTURA;TEMA:NUTRICION;TEMA:SANIDAD;TEMA:REPRODUCCION;FUENTE:CIENTIFICO;IDIOMA:ES
Impact-of-microencapsulated-DL-methionine-on-intestinal-health-_2026_Poultry.pdf,FUENTE:WEB;ESPECIE:AVICULTURA;TEMA:NUTRICION;TEMA:SANIDAD;FUENTE:CIENTIFICO;IDIOMA:ES
Identification-of-central-regulators-related-to-residual-feed-in_2026_Poultr.pdf,FUENTE:WEB;TEMA:NUTRICION;FUENTE:CIENTIFICO;ESPECIE:AVICULTURA;IDIOMA:ES
Identification-and-Characterization-of-sQTLs-and-eQTLs-Associa_2026_Poultry-.pdf,FUENTE:WEB;ESPECIE:AVICULTURA;FUENTE:CIENTIFICO;IDIOMA:ES
HDAC1-and-SATB1-positively-regulate-immune-responses-in-chi_2026_Poultry-Sci.pdf,FUENTE:WEB;ESPECIE:AVICULTURA;TEMA:SANIDAD;FUENTE:CIENTIFICO;IDIOMA:ES
Greenhouse-gas-sequestration-in-poultry-farming--Strategies-for_2026_Poultry.pdf,FUENTE:WEB;ESPECIE:AVICULTURA;FUENTE:CIENTIFICO;IDIOMA:ES
Genomic-and-transcriptomic-analyses-revealed-potential-candidat_2026_Poultry.pdf,FUENTE:WEB;ESPECIE:AVICULTURA;TEMA:GENETICA;FUENTE:CIENTIFICO;IDIOMA:ES
Genome-wide-association-study-reveals-the-genetic-basis-of-me_2026_Poultry-S.pdf,FUENTE:WEB;ESPECIE:AVICULTURA;TEMA:GENETICA;IDIOMA:EN
Generation-of-chimeric-chickens-resistant-to-infection-by-avian-_2026_Poultr.pdf,FUENTE:WEB;ESPECIE:AVICULTURA;TEMA:SANIDAD;FUENTE:CIENTIFICO;IDIOMA:ES
Field-deployable-multiplex-RAA-CRISPR-Cas12a-platform-rapidly-a_2026_Poultry.pdf,FUENTE:WEB;ESPECIE:AVICULTURA;FUENTE:CIENTIFICO;IDIOMA:ES
Fiber-2--not-Fiber-1--is-the-principal-protective-immunogen-of-fo_2026_Poult.pdf,FUENTE:CIENTIFICO;TEMA:SANIDAD;ESPECIE:AVICULTURA;IDIOMA:ES
Extensive-particle-size-reduction-of-wheat-bran-increases-the-br_2026_Poultr.pdf,FUENTE:WEB;SUB:EXTENSIVO;FUENTE:CIENTIFICO;ESPECIE:AVICULTURA;IDIOMA:ES
Exploring-diet-effects-on-the-profile--excretion-and-enterohep_2026_Poultry-.pdf,FUENTE:WEB;ESPECIE:AVICULTURA;TEMA:NUTRICION;FUENTE:CIENTIFICO;IDIOMA:EN
Evolutionary-lineage-and-host-origin-influence-virulence-and-m_2026_Poultry-.pdf,FUENTE:WEB;ESPECIE:AVICULTURA;FUENTE:CIENTIFICO;IDIOMA:ES
Evaluating-the-effects-of-dietary-glutamine-on-bone-geometry--m_2026_Poultry.pdf,FUENTE:WEB;ESPECIE:AVICULTURA;TEMA:NUTRICION;FUENTE:CIENTIFICO;IDIOMA:EN
Epidemiological-investigation-and-antimicrobial-resistance-profi_2026_Poultr.pdf,FUENTE:WEB;TEMA:SANIDAD;FUENTE:CIENTIFICO;ESPECIE:AVICULTURA;IDIOMA:ES
Epidemiological-characterization-of-fowl-adenovirus-in-China_2026_Poultry-Sc.pdf,FUENTE:WEB;ESPECIE:AVICULTURA;IDIOMA:ES
Encapsulated-Bacillus-sp--THPS1--a-novel-thermophilic-probiotic_2026_Poultry.pdf,FUENTE:WEB;ESPECIE:AVICULTURA;TEMA:NUTRICION;FUENTE:CIENTIFICO;IDIOMA:ES
Emulsifiers-in-poultry-nutrition-molecular-mechanism-of-lipid-m_2026_Poultry.pdf,FUENTE:WEB;ESPECIE:AVICULTURA;TEMA:NUTRICION;FUENTE:CIENTIFICO;IDIOMA:ES
Egg-level-temperature-monitoring-and-CFD-guided-structural-optim_2026_Poultr.pdf,FUENTE:WEB;TEMA:IOT;FUENTE:CIENTIFICO;ESPECIE:AVICULTURA;IDIOMA:ES
Effects-of-short-fasting-periods-and-recovery-diet-protein-leve_2026_Poultry.pdf,FUENTE:WEB;ESPECIE:AVICULTURA;TEMA:NUTRICION;FUENTE:CIENTIFICO;IDIOMA:EN
Effects-of-marine-derived-Enterococcus-durans-YQ-6-on-growth-per_2026_Poultr.pdf,FUENTE:WEB;TEMA:PRODUCCION;FUENTE:CIENTIFICO;ESPECIE:AVICULTURA;IDIOMA:EN
Effects-of-glucose-oxidase-combined-with-clostridium-butyricum-on_2026_Poult.pdf,FUENTE:CIENTIFICO;ESPECIE:AVICULTURA;IDIOMA:EN
Effects-of-dietary-supplementation-with-encapsulated-capsaicino_2026_Poultry.pdf,FUENTE:WEB;ESPECIE:AVICULTURA;TEMA:NUTRICION;FUENTE:CIENTIFICO;IDIOMA:EN
Effects-of-chitosan-nanoparticles-on-hematological-indices--renal_2026_Poult.pdf,FUENTE:CIENTIFICO;ESPECIE:AVICULTURA;IDIOMA:EN
Effects-of-a-direct-fed-microbial-and-xylanase-enzyme-blend-on-S_2026_Poultr.pdf,FUENTE:WEB;TEMA:NUTRICION;FUENTE:CIENTIFICO;ESPECIE:AVICULTURA;IDIOMA:EN
Effect-of-spirulina--Arthrospira-platensis--supplementation-on-gr_2026_Poult.pdf,FUENTE:CIENTIFICO;TEMA:NUTRICION;ESPECIE:AVICULTURA;IDIOMA:ES
Effect-of-phase-specific-dietary-black-soldier-fly-larvae-supple_2026_Poultr.pdf,FUENTE:WEB;TEMA:NUTRICION;FUENTE:CIENTIFICO;ESPECIE:AVICULTURA;IDIOMA:ES
Does-Salmonella-co-infection-worsen-Histomonas-meleagridis-_2026_Poultry-Sci.pdf,FUENTE:WEB;ESPECIE:AVICULTURA;TEMA:SANIDAD;FUENTE:CIENTIFICO;IDIOMA:ES
Divergent-tissue-tropism-and-pathogenicity-of-novel-recombinan_2026_Poultry-.pdf,FUENTE:WEB;ESPECIE:AVICULTURA;TEMA:SANIDAD;FUENTE:CIENTIFICO;IDIOMA:ES
Distinct-gut-microbiota-signatures-in-white-leghorn-and-silky-_2026_Poultry-.pdf,FUENTE:WEB;ESPECIE:AVICULTURA;FUENTE:CIENTIFICO;IDIOMA:ES
Different-chick-processing-holding-devices-reveal-welfare-and-_2026_Poultry-.pdf,FUENTE:WEB;ESPECIE:AVICULTURA;TEMA:BIENESTAR;FUENTE:CIENTIFICO;IDIOMA:ES
Dietary-sesame-seed-supplementation-enhances-productive-performan_2026_Poult.pdf,FUENTE:CIENTIFICO;TEMA:NUTRICION;ESPECIE:AVICULTURA;IDIOMA:ES
Dietary-iron-overload-exacerbates-intestinal-damage-induced-by-E_2026_Poultr.pdf,FUENTE:WEB;TEMA:NUTRICION;TEMA:SANIDAD;FUENTE:CIENTIFICO;ESPECIE:AVICULTURA;IDIOMA:ES
Dietary-evaluation-of-Pleurotus-ostreatus-spent-mushroom-substrat_2026_Poult.pdf,FUENTE:CIENTIFICO;TEMA:NUTRICION;ESPECIE:AVICULTURA;IDIOMA:EN
Development-of-an-RT-ERA-CRISPR-Cas12a-assay-for-duck-Temb_2026_Poultry-Scie.pdf,FUENTE:WEB;ESPECIE:AVICULTURA;FUENTE:CIENTIFICO;IDIOMA:ES
Crude-protein-and-amino-acid-digestibility-values-in-broilers-_2026_Poultry-.pdf,FUENTE:WEB;ESPECIE:AVICULTURA;TEMA:NUTRICION;FUENTE:CIENTIFICO;IDIOMA:ES
Comparative-transcriptomic-analysis-of-the-hypothalamus-betwe_2026_Poultry-S.pdf,FUENTE:WEB;ESPECIE:AVICULTURA;TEMA:GENETICA;IDIOMA:EN
Comparative-evaluation-of-a-novel-phytochemical-mixture-and-monen_2026_Poult.pdf,FUENTE:CIENTIFICO;ESPECIE:AVICULTURA;IDIOMA:EN
Comparative-and-combined-effects-of-in-ovo-probiotic-injection-and_2026_Poul.pdf,FUENTE:WEB;TEMA:NUTRICION;TEMA:REPRODUCCION;IDIOMA:EN
Co-immunization-with-two-recombinant-Newcastle-disease-viruses-e_2026_Poultr.pdf,FUENTE:WEB;TEMA:SANIDAD;FUENTE:CIENTIFICO;ESPECIE:AVICULTURA;IDIOMA:ES
Characterization-of-Riemerella-anatipestifer-in-broiler-chickens_2026_Poultr.pdf,FUENTE:WEB;ESPECIE:AVICULTURA;FUENTE:CIENTIFICO;IDIOMA:ES
Captopril-modulates-vasoactive-and-oxidative-pathways-in-broil_2026_Poultry-.pdf,FUENTE:WEB;ESPECIE:AVICULTURA;FUENTE:CIENTIFICO;IDIOMA:ES
Calcium-pidolate-supplementation-enhances-broiler-growth--bone-s_2026_Poultr.pdf,FUENTE:WEB;ESPECIE:AVICULTURA;TEMA:NUTRICION;TEMA:PRODUCCION;FUENTE:CIENTIFICO;IDIOMA:ES
Beetroot--Beta-vulgaris-L---as-a-functional-feed-additive-in-po_2026_Poultry.pdf,FUENTE:WEB;ESPECIE:AVICULTURA;TEMA:NUTRICION;FUENTE:CIENTIFICO;IDIOMA:ES
Attenuation-mechanisms-and-vaccine-potential-of-the-serial-pass_2026_Poultry.pdf,FUENTE:WEB;ESPECIE:AVICULTURA;TEMA:SANIDAD;FUENTE:CIENTIFICO;IDIOMA:ES
Accuracy-of-single-step-genomic-selection-for-egg-production-in_2026_Poultry.pdf,FUENTE:WEB;ESPECIE:AVICULTURA;TEMA:GENETICA;TEMA:PRODUCCION;FUENTE:CIENTIFICO;IDIOMA:EN
ANKRD9-negatively-regulates-chicken-myogenesis-through-ubiqui_2026_Poultry-S.pdf,FUENTE:WEB;ESPECIE:AVICULTURA;IDIOMA:ES
A-novel-dual-target-fusion-vaccine-simultaneously-targeting-WFBI_2026_Poultr.pdf,FUENTE:WEB;TEMA:SANIDAD;FUENTE:CIENTIFICO;ESPECIE:AVICULTURA;IDIOMA:ES
A-multiplex-TaqMan-real-time-PCR-assay-for-differential-identif_2026_Poultry.pdf,FUENTE:WEB;ESPECIE:AVICULTURA;FUENTE:CIENTIFICO;IDIOMA:ES
A-meta-analysis-of-the-effects-and-relationship-between-guanidi_2026_Poultry.pdf,FUENTE:WEB;ESPECIE:AVICULTURA;FUENTE:CIENTIFICO;IDIOMA:EN
A-Self-amplifying-mRNA-vaccine-for-infectious-laryngotracheiti_2026_Poultry-.pdf,FUENTE:WEB;ESPECIE:AVICULTURA;TEMA:SANIDAD;FUENTE:CIENTIFICO;IDIOMA:ES
White-striping-and-wooden-breast-myopathies-of-broiler-breast-mu_2019_Poultr.pdf,FUENTE:WEB;ESPECIE:AVICULTURA;FUENTE:CIENTIFICO;IDIOMA:ES
Water-soluble-substances-of-wheat--a-potential-preventer-of-af_2019_Poultry-.pdf,FUENTE:WEB;ESPECIE:AVICULTURA;FUENTE:CIENTIFICO;IDIOMA:ES
Thermal-challenge-alters-the-transcriptional-profile-of-the-_2019_Poultry-Sc.pdf,FUENTE:WEB;ESPECIE:AVICULTURA;IDIOMA:ES
The-role-of-whey-on-the-performance-and-campylobacteriosis-_2019_Poultry-Sci.pdf,FUENTE:WEB;ESPECIE:AVICULTURA;TEMA:PRODUCCION;FUENTE:CIENTIFICO;IDIOMA:ES
The-effects-of-an-alternative-diet-regimen-with-natural-methion_2019_Poultry.pdf,FUENTE:WEB;ESPECIE:AVICULTURA;TEMA:NUTRICION;FUENTE:CIENTIFICO;IDIOMA:EN
The-effect-of-sodium-stearoyl-2-lactylate--80---and-tween-20--20---_2019_Pou.pdf,FUENTE:CIENTIFICO;ESPECIE:AVICULTURA;TEMA:RAZAS;TEMA:NUTRICION;TEMA:CALIDAD_CARNE;TEMA:PRODUCCION;IDIOMA:EN
The-effect-of-lavender--Lavandula-angustifolia--essential-oil-as-_2019_Poult.pdf,FUENTE:CIENTIFICO;ESPECIE:AVICULTURA;IDIOMA:ES
Targeted-gene-inactivation-in-Lactobacillus-gallinarum-ATCC-3_2019_Poultry-S.pdf,FUENTE:WEB;ESPECIE:AVICULTURA;IDIOMA:ES
Sequential-DNA-immunization-of-chickens-with-bivalent-heterologo_2019_Poultr.pdf,FUENTE:WEB;ESPECIE:AVICULTURA;TEMA:SANIDAD;FUENTE:CIENTIFICO;IDIOMA:ES
Relative-bioavailability-of-phosphorus-in-high-protein-sunflower-m_2019_Poul.pdf,FUENTE:WEB;TEMA:NUTRICION;IDIOMA:ES
RNA-Seq-analysis-of-duck-embryo-fibroblast-cell-gene-expression_2019_Poultry.pdf,FUENTE:WEB;ESPECIE:AVICULTURA;TEMA:GENETICA;TEMA:REPRODUCCION;FUENTE:CIENTIFICO;IDIOMA:EN
Protection-against-duck-hepatitis-a-virus-type-1-conferred-by-_2019_Poultry-.pdf,FUENTE:WEB;ESPECIE:AVICULTURA;TEMA:SANIDAD;FUENTE:CIENTIFICO;IDIOMA:ES
Production-of-transgenic-broilers-by-non-viral-vectors-via-opti_2019_Poultry.pdf,FUENTE:WEB;ESPECIE:AVICULTURA;TEMA:PRODUCCION;FUENTE:CIENTIFICO;IDIOMA:EN
Perches-or-grids--What-do-rearing-chickens-differing-in-growt_2019_Poultry-S.pdf,FUENTE:WEB;ESPECIE:AVICULTURA;TEMA:MANEJO;IDIOMA:ES
Nunc-Dimittis_2019_Poultry-Science.pdf,FUENTE:CIENTIFICO;ESPECIE:AVICULTURA;IDIOMA:EN
Near-infrared-spectroscopy-detects-woody-breast-syndrome-in-chi_2019_Poultry.pdf,FUENTE:WEB;ESPECIE:AVICULTURA;FUENTE:CIENTIFICO;IDIOMA:ES
Metagenomics-analysis-reveals-significant-modulation-of-cecal-_2019_Poultry-.pdf,FUENTE:WEB;ESPECIE:AVICULTURA;FUENTE:CIENTIFICO;IDIOMA:EN
Manipulation-of-plasma-myo-inositol-in-broiler-chickens--effect-_2019_Poultr.pdf,FUENTE:WEB;ESPECIE:AVICULTURA;FUENTE:CIENTIFICO;IDIOMA:ES
Issues-of-concern-on-the-assay-of-circulating-glucocorticoi_2019_Poultry-Sci.pdf,FUENTE:WEB;ESPECIE:AVICULTURA;FUENTE:CIENTIFICO;IDIOMA:ES
Investigations-of-relationships-between-alterations-of-the-gastro_2019_Poult.pdf,FUENTE:CIENTIFICO;ESPECIE:AVICULTURA;IDIOMA:ES
Investigating-the-genetic-determination-of-clutch-traits-i_2019_Poultry-Scie.pdf,FUENTE:WEB;ESPECIE:AVICULTURA;TEMA:GENETICA;FUENTE:CIENTIFICO;IDIOMA:ES
In-vitro-synergistic-effect-of-baicalin-with-azithromycin-agains_2019_Poultr.pdf,FUENTE:WEB;FUENTE:CIENTIFICO;ESPECIE:AVICULTURA;IDIOMA:ES
Improvement-of-post-thawed-sperm-quality-in-broiler-breeder-r_2019_Poultry-S.pdf,FUENTE:WEB;ESPECIE:AVICULTURA;IDIOMA:ES
How-does-red-light-affect-layer-production--fear--and-str_2019_Poultry-Scien.pdf,FUENTE:WEB;ESPECIE:AVICULTURA;TEMA:PRODUCCION;FUENTE:CIENTIFICO;IDIOMA:EN
High-dietary-energy-content-increases-inflammatory-markers-aft_2019_Poultry-.pdf,FUENTE:WEB;ESPECIE:AVICULTURA;TEMA:NUTRICION;FUENTE:CIENTIFICO;IDIOMA:ES
Heritability-and-genotype-environment-interactions-for-growth-cur_2019_Poult.pdf,FUENTE:CIENTIFICO;TEMA:GENETICA;TEMA:PRODUCCION;ESPECIE:AVICULTURA;IDIOMA:ES
Hemolysis--tocopherol--and-lipid-oxidation-in-erythrocytes-and_2019_Poultry-.pdf,FUENTE:WEB;ESPECIE:AVICULTURA;FUENTE:CIENTIFICO;IDIOMA:ES
Heat-induced-protein-oxidation-of-soybean-meal-impairs-growth-_2019_Poultry-.pdf,FUENTE:WEB;ESPECIE:AVICULTURA;TEMA:NUTRICION;TEMA:PRODUCCION;FUENTE:CIENTIFICO;IDIOMA:ES
Genome-wide-association-study-for-heat-stress-induced-mortal_2019_Poultry-Sc.pdf,FUENTE:WEB;ESPECIE:AVICULTURA;TEMA:GENETICA;TEMA:BIENESTAR;IDIOMA:EN
First-report-of-fowl-adenovirus-8a-from-commercial-broiler-chic_2019_Poultry.pdf,FUENTE:WEB;ESPECIE:AVICULTURA;FUENTE:CIENTIFICO;IDIOMA:ES
Estimation-of-additive-and-non-additive-genetic-variances-of-bo_2019_Poultry.pdf,FUENTE:WEB;ESPECIE:AVICULTURA;TEMA:GENETICA;TEMA:NUTRICION;FUENTE:CIENTIFICO;IDIOMA:ES
Efficacy-of-neutralizing-buffered-peptone-water-for-recovery-of-Sa_2019_Poul.pdf,FUENTE:CIENTIFICO;ESPECIE:AVICULTURA;TEMA:SANIDAD;TEMA:CALIDAD_CARNE;TEMA:PRODUCCION;IDIOMA:EN
Effects-of-organic-zinc-on-tibia-quality--mineral-deposit--and_2019_Poultry-.pdf,FUENTE:WEB;ESPECIE:AVICULTURA;TEMA:NUTRICION;SUB:ECOLOGICO;FUENTE:CIENTIFICO;IDIOMA:EN
Effects-of-genotype-and-sex-on-technological-properties-and-f_2019_Poultry-S.pdf,FUENTE:WEB;ESPECIE:AVICULTURA;TEMA:GENETICA;IDIOMA:EN
Effects-of-dietary-supplementation-of-the-lignocelluloses-FibreCe_2019_Poult.pdf,FUENTE:CIENTIFICO;TEMA:NUTRICION;ESPECIE:AVICULTURA;IDIOMA:EN
Effects-of-dietary-supplementation-of-DL-2-hydroxy-4-methylthio--_2019_Poult.pdf,FUENTE:CIENTIFICO;TEMA:NUTRICION;ESPECIE:AVICULTURA;IDIOMA:EN
Effects-of-dietary-cottonseed-oil-and-cottonseed-meal-supplement_2019_Poultr.pdf,FUENTE:WEB;TEMA:NUTRICION;FUENTE:CIENTIFICO;ESPECIE:AVICULTURA;IDIOMA:EN
Effects-of-dietary-Enterococcus-faecium-NCIMB-11181-supplementat_2019_Poultr.pdf,FUENTE:WEB;TEMA:NUTRICION;FUENTE:CIENTIFICO;ESPECIE:AVICULTURA;IDIOMA:EN
Effects-of-clove--Syzygium-aromaticum--oil-on-quail-growth--car_2019_Poultry.pdf,FUENTE:WEB;ESPECIE:AVICULTURA;TEMA:PRODUCCION;FUENTE:CIENTIFICO;IDIOMA:EN
Effects-of-IBDV-infection-on-expression-of-ghrelin-and-ghrel_2019_Poultry-Sc.pdf,FUENTE:WEB;ESPECIE:AVICULTURA;TEMA:SANIDAD;IDIOMA:EN
Effect-of-in-ovo-administration-of-different-synbiotics-on-car_2019_Poultry-.pdf,FUENTE:WEB;ESPECIE:AVICULTURA;TEMA:REPRODUCCION;FUENTE:CIENTIFICO;IDIOMA:ES
Effect-of-experimental-Ornithobacterium-rhinotracheale-infectio_2019_Poultry.pdf,FUENTE:WEB;ESPECIE:AVICULTURA;FUENTE:CIENTIFICO;IDIOMA:ES
Effect-of-early-feed-restriction-programs-and-genetic-strain-on_2019_Poultry.pdf,FUENTE:WEB;ESPECIE:AVICULTURA;TEMA:GENETICA;TEMA:NUTRICION;FUENTE:CIENTIFICO;IDIOMA:ES
Effect-of-direct-fed-microbial-in-layer-diets--on-egg-laying-per_2019_Poultr.pdf,FUENTE:WEB;ESPECIE:AVICULTURA;TEMA:NUTRICION;FUENTE:CIENTIFICO;IDIOMA:ES
Effect-of-chick-body-temperature-during-post-hatch-handling-_2019_Poultry-Sc.pdf,FUENTE:WEB;ESPECIE:AVICULTURA;TEMA:MANEJO;TEMA:REPRODUCCION;IDIOMA:ES
Dual-functions-of-eicosapentaenoic-acid-rich-microalgae--enrichme_2019_Poult.pdf,FUENTE:CIENTIFICO;ESPECIE:AVICULTURA;IDIOMA:ES
Discussing-modern-poultry-farming-systems-insights-into-cit_2019_Poultry-Sci.pdf,FUENTE:WEB;ESPECIE:AVICULTURA;FUENTE:CIENTIFICO;IDIOMA:ES
Curcumin-supplementation-regulates-lipid-metabolism-in-bro_2019_Poultry-Scie.pdf,FUENTE:WEB;ESPECIE:AVICULTURA;TEMA:NUTRICION;FUENTE:CIENTIFICO;IDIOMA:ES
Corrigendum-to--Chicken-semen-cryopreservation-and-use-for-th_2019_Poultry-S.pdf,FUENTE:WEB;ESPECIE:AVICULTURA;IDIOMA:ES
Chicken-semen-cryopreservation-and-use-for-the-restoration-o_2019_Poultry-Sc.pdf,FUENTE:WEB;ESPECIE:AVICULTURA;IDIOMA:ES
Characterization-of-intestinal-immune-response-to-Clostridium-_2019_Poultry-.pdf,FUENTE:WEB;ESPECIE:AVICULTURA;TEMA:SANIDAD;FUENTE:CIENTIFICO;IDIOMA:ES
Characterization-of-Clostridium-perfringens-recovered-from-bro_2019_Poultry-.pdf,FUENTE:WEB;ESPECIE:AVICULTURA;FUENTE:CIENTIFICO;IDIOMA:ES
Assessment-of-the-relationship-between-ovomucin-and-albumen-q_2019_Poultry-S.pdf,FUENTE:WEB;ESPECIE:AVICULTURA;IDIOMA:ES
Analysis-of-antibody-levels-in-egg-yolk-for-detection-of-exposu_2019_Poultry.pdf,FUENTE:WEB;ESPECIE:AVICULTURA;FUENTE:CIENTIFICO;IDIOMA:EN
Ameliorating-deleterious-effects-of-heat-stress-on-growing-Mus_2019_Poultry-.pdf,FUENTE:WEB;ESPECIE:AVICULTURA;TEMA:BIENESTAR;FUENTE:CIENTIFICO;IDIOMA:EN
A-review-of-environmental-enrichment-for-laying-hens-during-rea_2019_Poultry.pdf,FUENTE:WEB;ESPECIE:AVICULTURA;TEMA:BIENESTAR;FUENTE:CIENTIFICO;IDIOMA:EN
A-reassessment-of-the-vitamin-D-requirements-of-modern-bro_2019_Poultry-Scie.pdf,FUENTE:WEB;ESPECIE:AVICULTURA;TEMA:NUTRICION;FUENTE:CIENTIFICO;IDIOMA:ES
tmp_export_livestock_1772665025105.csv,FUENTE:WEB;ESPECIE:BOVINO;TEMA:GENETICA;TEMA:RAZAS;TEMA:MANEJO;TEMA:CALIDAD_CARNE;TEMA:PRODUCCION;IDIOMA:EN
tmp_export_livestock_1772658257670.xlsx,FUENTE:CIENTIFICO;ESPECIE:BOVINO;TEMA:GENETICA;TEMA:RAZAS;TEMA:NORMATIVA;IDIOMA:EN
tmp_export_livestock_1772657871733.xlsx,FUENTE:WEB;ESPECIE:BOVINO;TEMA:RAZAS;IDIOMA:EN
tmp_export_livestock_1772657804074.xlsx,FUENTE:WEB;ESPECIE:BOVINO;ESPECIE:AVICULTURA;TEMA:RAZAS;IDIOMA:EN
tfg-per-dis.pdf,FUENTE:INTERNO;ESPECIE:PORCINO;TEMA:MANEJO;TEMA:BIENESTAR;TEMA:IOT;IDIOMA:ES
sustainability-16-04073-v2.pdf,FUENTE:CIENTIFICO;ESPECIE:BOVINO;TEMA:MANEJO;TEMA:BIENESTAR;TEMA:NUTRICION;TEMA:PRODUCCION;TEMA:IOT;IDIOMA:EN
sigevacunoconcreditos_rev2.pdf,FUENTE:WEB;ESPECIE:BOVINO;TEMA:NORMATIVA;TEMA:MANEJO;TEMA:BIENESTAR;TEMA:SANIDAD;TEMA:PRODUCCION;IDIOMA:ES
shsconf_iciaites2025_01035.pdf,FUENTE:CIENTIFICO;TEMA:MANEJO;TEMA:BIENESTAR;TEMA:NUTRICION;TEMA:SANIDAD;TEMA:IOT;IDIOMA:EN
selavi_a1988m9v30n9p265.pdf,FUENTE:WEB;ESPECIE:AVICULTURA;TEMA:NORMATIVA;TEMA:BIENESTAR;TEMA:NUTRICION;SUB:CAPONES;IDIOMA:ES
s12711-023-00801-6.pdf,FUENTE:CIENTIFICO;ESPECIE:BOVINO;TEMA:GENETICA;TEMA:RAZAS;TEMA:NORMATIVA;TEMA:MANEJO;TEMA:PRODUCCION;TEMA:REPRODUCCION;IDIOMA:EN
movildat_aplicaciondeiotenagricultura_kennethdubin.pdf,FUENTE:WEB;TEMA:IOT;IDIOMA:ES
montar una granja de gallinas camperas.pdf,FUENTE:WEB;ESPECIE:AVICULTURA;IDIOMA:ES
man008-06-manual-de-certificacion-produccion-ganadera-avicola.pdf,FUENTE:GUIA_TECNICA;TEMA:PRODUCCION;IDIOMA:ES
guiamtdssectorporcino.pdf,FUENTE:GUIA_TECNICA;ESPECIE:PORCINO;ESPECIE:AVICULTURA;TEMA:NORMATIVA;TEMA:PRODUCCION;IDIOMA:ES
guia-explicativa-para-la-aplicacion-del-rd-1135-2002.pdf,FUENTE:GUIA_TECNICA;TEMA:NORMATIVA;FUENTE:INTERNO;IDIOMA:ES
fvets-13-1744053.pdf,FUENTE:CIENTIFICO;TEMA:BIENESTAR;TEMA:SANIDAD;TEMA:PRODUCCION;TEMA:REPRODUCCION;TEMA:DIGITAL_TWINS;IDIOMA:EN
fvets-12-1549512.pdf,FUENTE:CIENTIFICO;FUENTE:GUIA_TECNICA;ESPECIE:BOVINO;TEMA:MANEJO;TEMA:BIENESTAR;TEMA:NUTRICION;TEMA:SANIDAD;TEMA:PRODUCCION;TEMA:IOT;IDIOMA:EN
faqsecoganporcinofebrero2025.pdf,FUENTE:WEB;ESPECIE:PORCINO;TEMA:NORMATIVA;TEMA:MANEJO;TEMA:PRODUCCION;IDIOMA:ES
estudio sobre capones.pdf,FUENTE:WEB;SUB:CAPONES;ESPECIE:AVICULTURA;IDIOMA:ES
estudio sobre capones II.pdf,FUENTE:WEB;SUB:CAPONES;ESPECIE:AVICULTURA;IDIOMA:ES
cb0697en.pdf,FUENTE:FAO;FUENTE:GUIA_TECNICA;TEMA:GENETICA;TEMA:RAZAS;TEMA:MANEJO;IDIOMA:EN
"capon, pularda y pollo.pdf",FUENTE:WEB;ESPECIE:AVICULTURA;SUB:CAPONES;IDIOMA:ES
animals-15-02138.pdf,FUENTE:CIENTIFICO;FUENTE:GUIA_TECNICA;ESPECIE:PORCINO;TEMA:BIENESTAR;TEMA:PRODUCCION;TEMA:IOT;IDIOMA:EN
animals-15-02138 (1).pdf,FUENTE:CIENTIFICO;FUENTE:GUIA_TECNICA;ESPECIE:PORCINO;TEMA:BIENESTAR;TEMA:PRODUCCION;TEMA:IOT;IDIOMA:EN
animals-14-03071.pdf,FUENTE:CIENTIFICO;ESPECIE:BOVINO;TEMA:MANEJO;TEMA:BIENESTAR;TEMA:SANIDAD;TEMA:PRODUCCION;TEMA:IOT;IDIOMA:EN
animals-12-00329-v4.pdf,FUENTE:CIENTIFICO;ESPECIE:BOVINO;TEMA:GENETICA;TEMA:RAZAS;IDIOMA:EN
Proceso de cría artesanal del capón de Villalba.pdf,FUENTE:WEB;SUB:CAPONES;ESPECIE:AVICULTURA;IDIOMA:ES
PROMPT_VACASDATA_BOVINO_NUTRICION.md,FUENTE:INTERNO;ESPECIE:BOVINO;TEMA:NUTRICION;IDIOMA:ES
PROMPT_NAVE_ISOMETRICA_DEPLOY.md,FUENTE:INTERNO;ESPECIE:BOVINO;TEMA:PRODUCCION;TEMA:IOT;IDIOMA:ES
PROMPT_MODULOS_SUBVENCIONES.md,FUENTE:INTERNO;ESPECIE:BOVINO;ESPECIE:PORCINO;TEMA:GENETICA;TEMA:RAZAS;TEMA:NORMATIVA;TEMA:BIENESTAR;TEMA:NUTRICION;TEMA:PRODUCCION;TEMA:REPRODUCCION;IDIOMA:ES
PROMPT_BLOQUE3_NUTRICION.md,FUENTE:WEB;TEMA:NUTRICION;IDIOMA:ES
PNODUAOPVolailleBresse2018.pdf,FUENTE:WEB;ESPECIE:AVICULTURA;IDIOMA:PT
PFG_INES_MATELLANO_PARDEIRO.pdf,FUENTE:INTERNO;TEMA:BIENESTAR;TEMA:PRODUCCION;TEMA:IOT;TEMA:ARQUITECTURA;IDIOMA:ES
Nyamuryekunge_etal_2024Rangelands.pdf,FUENTE:CIENTIFICO;TEMA:MANEJO;TEMA:BIENESTAR;TEMA:PRODUCCION;TEMA:IOT;SUB:INTENSIVO;SUB:EXTENSIVO;IDIOMA:EN
Normativa para mantener gallinas en casa.pdf,FUENTE:WEB;ESPECIE:AVICULTURA;TEMA:NORMATIVA;IDIOMA:ES
L00001-00008.pdf,FUENTE:WEB;ESPECIE:AVICULTURA;TEMA:NORMATIVA;TEMA:SANIDAD;SUB:CAPONES;IDIOMA:ES
IoT_System_for_Monitoring_Breeding_Sows_in_Swine_F.pdf,FUENTE:WEB;ESPECIE:PORCINO;TEMA:IOT;IDIOMA:EN
IoT para porcino intensivo.pdf,FUENTE:WEB;ESPECIE:PORCINO;TEMA:IOT;SUB:INTENSIVO;IDIOMA:ES
Innovación para el engorde de capones en granjas porcinas.pdf,FUENTE:WEB;ESPECIE:PORCINO;SUB:CAPONES;IDIOMA:ES
FINCA LOMA VERDE POLLOS CAPONES Y PULARDA.pdf,FUENTE:WEB;ESPECIE:AVICULTURA;SUB:CAPONES;IDIOMA:ES
Estudio e informe de posibilidades de NeoFarm en Agrotech Hub IoT y Digital Twins & IA para porcino .pdf,FUENTE:INTERNO;ESPECIE:PORCINO;TEMA:IOT;TEMA:DIGITAL_TWINS;IDIOMA:ES
EN INICIAL pilot 2021_073_cereales_torremorell_CA_EN.pdf,FUENTE:WEB;ESPECIE:PORCINO;TEMA:MANEJO;TEMA:BIENESTAR;TEMA:PRODUCCION;TEMA:IOT;TEMA:DIGITAL_TWINS;IDIOMA:EN
BOE-A-2020-2110-consolidado.pdf,FUENTE:WEB;ESPECIE:PORCINO;TEMA:NORMATIVA;TEMA:MANEJO;TEMA:BIOSEGURIDAD;TEMA:BIENESTAR;TEMA:SANIDAD;TEMA:PRODUCCION;SUB:EXTENSIVO;IDIOMA:ES
252.csv,FUENTE:FAO;TEMA:RAZAS;IDIOMA:EN
15_07_07_pollos2.pdf,FUENTE:WEB;ESPECIE:AVICULTURA;TEMA:NUTRICION;TEMA:PRODUCCION;SUB:CAPONES;IDIOMA:ES
15_07_05_pollos1.pdf,FUENTE:WEB;ESPECIE:AVICULTURA;TEMA:MANEJO;TEMA:CALIDAD_CARNE;TEMA:PRODUCCION;SUB:CAPONES;IDIOMA:ES
13.pdf,FUENTE:WEB;IDIOMA:ES
1-s2.0-S2352409X26000362-main.pdf,FUENTE:CIENTIFICO;ESPECIE:AVICULTURA;TEMA:MANEJO;TEMA:NUTRICION;TEMA:CALIDAD_CARNE;TEMA:PRODUCCION;SUB:CAPONES;IDIOMA:PT;IDIOMA:EN
1-s2.0-S1056617125000868-main.pdf,FUENTE:CIENTIFICO;FUENTE:FAO;FUENTE:GUIA_TECNICA;ESPECIE:AVICULTURA;TEMA:NORMATIVA;TEMA:MANEJO;TEMA:BIENESTAR;TEMA:NUTRICION;TEMA:SANIDAD;TEMA:PRODUCCION;TEMA:IOT;SUB:INTENSIVO;IDIOMA:EN
1-s2.0-S1056617125000704-main.pdf,FUENTE:CIENTIFICO;ESPECIE:AVICULTURA;TEMA:MANEJO;TEMA:NUTRICION;TEMA:SANIDAD;TEMA:PRODUCCION;TEMA:IOT;IDIOMA:EN
1-s2.0-S0956053X26000954-main.pdf,FUENTE:CIENTIFICO;ESPECIE:AVICULTURA;TEMA:MANEJO;TEMA:BIENESTAR;TEMA:NUTRICION;TEMA:SANIDAD;TEMA:PRODUCCION;SUB:INTENSIVO;SUB:ECOLOGICO;IDIOMA:EN
1-s2.0-S0032579126002634-main.pdf,FUENTE:CIENTIFICO;ESPECIE:AVICULTURA;TEMA:BIENESTAR;TEMA:NUTRICION;TEMA:SANIDAD;TEMA:PRODUCCION;IDIOMA:EN
1-s2.0-S0032579126001902-main.pdf,FUENTE:CIENTIFICO;ESPECIE:AVICULTURA;TEMA:MANEJO;TEMA:BIENESTAR;TEMA:NUTRICION;TEMA:SANIDAD;TEMA:PRODUCCION;SUB:INTENSIVO;IDIOMA:EN
mioty_livestock_monitoring_mioty_clean.md,FUENTE:WEB;TEMA:IOT;IDIOMA:EN
digital twins livestock.pdf,FUENTE:WEB;TEMA:DIGITAL_TWINS;IDIOMA:EN
NeoFarm_DigitalTwins_IA_Vacuno_RAG.md,FUENTE:INTERNO;ESPECIE:BOVINO;TEMA:DIGITAL_TWINS;TEMA:RAG;IDIOMA:ES
NeoFarm_DigitalTwins_IA_Porcino_RAG.md,FUENTE:INTERNO;ESPECIE:PORCINO;TEMA:DIGITAL_TWINS;TEMA:RAG;IDIOMA:ES
IoT para vacuno extensivo_ informe analítico y roadmap a 3–5 años (España y exportación).pdf,FUENTE:WEB;ESPECIE:BOVINO;TEMA:IOT;TEMA:ROADMAP;SUB:EXTENSIVO;IDIOMA:ES
IOT_SOW_MONITORING_SYSTEM_RAG_v2.md,FUENTE:WEB;ESPECIE:PORCINO;TEMA:IOT;TEMA:RAG;IDIOMA:ES
VACASDATA_PLATAFORMA_INTELIGENTE.md,FUENTE:INTERNO;ESPECIE:BOVINO;IDIOMA:ES
NeoFarm_Pilotos_IoT_Propuesta_2026.pdf,FUENTE:INTERNO;TEMA:IOT;IDIOMA:ES
NEOFARM_ARQUITECTURA_MAESTRA_PORCINO_VACUNO_RAG_2026.md,FUENTE:INTERNO;ESPECIE:BOVINO;ESPECIE:PORCINO;TEMA:RAG;TEMA:ARQUITECTURA;IDIOMA:ES
Informe_resumen_ejecutivo_pilotos_Neofarm.pdf,FUENTE:INTERNO;ESPECIE:BOVINO;ESPECIE:PORCINO;TEMA:RAZAS;TEMA:MANEJO;TEMA:BIENESTAR;TEMA:SANIDAD;TEMA:PRODUCCION;TEMA:IOT;TEMA:DIGITAL_TWINS;TEMA:ARQUITECTURA;SUB:INTENSIVO;SUB:EXTENSIVO;IDIOMA:ES
MODULO_AVICULTURA_CAPONES_RAG.md,FUENTE:INTERNO;ESPECIE:AVICULTURA;TEMA:RAG;SUB:CAPONES;IDIOMA:ES
Fase 2 Pipeline de autoingesta diaria.md,FUENTE:WEB;TEMA:PIPELINE;IDIOMA:ES
FASE 4  Endpoint-chat.md,FUENTE:INTERNO;ESPECIE:AVICULTURA;TEMA:GENETICA;TEMA:NORMATIVA;TEMA:NUTRICION;TEMA:SANIDAD;TEMA:IOT;TEMA:RAG;SUB:CAPONES;IDIOMA:ES
FASE 3 Dataset v5 para fine-tune (avicultura + mejoras).md,FUENTE:WEB;ESPECIE:AVICULTURA;TEMA:DATASETS;IDIOMA:ES
VACUNO EXTENSIVO — DOCUMENTO MAESTRO.pdf,FUENTE:WEB;ESPECIE:BOVINO;SUB:EXTENSIVO;IDIOMA:ES
Raf-Readme-NEOFARM GENETICA.md,FUENTE:INTERNO;TEMA:GENETICA;IDIOMA:ES
RAF TECNICO NEOFARM GENETICA.md,FUENTE:INTERNO;TEMA:GENETICA;IDIOMA:ES
PORCINO INTENSIVO — DOCUMENTO MAESTRO.pdf,FUENTE:WEB;ESPECIE:PORCINO;SUB:INTENSIVO;IDIOMA:ES
NeoFarm_Modulo_Genetica_2026.docx,FUENTE:INTERNO;TEMA:GENETICA;IDIOMA:ES
MODULO_GENETICA_VACUNO_EXTENSIVO_RAG.md,FUENTE:INTERNO;ESPECIE:BOVINO;TEMA:GENETICA;TEMA:RAG;SUB:EXTENSIVO;IDIOMA:ES
MODULO_GENETICA_PORCINO_INTENSIVO_RAG.md,FUENTE:INTERNO;ESPECIE:PORCINO;TEMA:GENETICA;TEMA:RAG;SUB:INTENSIVO;IDIOMA:ES
GEOTWIN_PLATAFORMA_GIS_3D_RAG.md,FUENTE:WEB;TEMA:RAG;IDIOMA:ES
BLENDERGIS_PIPELINE_3D_RENDERING_RAG.md,FUENTE:WEB;TEMA:RAG;TEMA:PIPELINE;IDIOMA:ES
SEEDY_MASTER_ROADMAP_2026.md,FUENTE:INTERNO;TEMA:ROADMAP;IDIOMA:ES
Prompt mejorado (para Seedy Jefe + Seedy Code).md,FUENTE:INTERNO;ESPECIE:AVICULTURA;TEMA:MANEJO;TEMA:BIENESTAR;TEMA:PRODUCCION;TEMA:IOT;TEMA:DIGITAL_TWINS;TEMA:ARQUITECTURA;TEMA:PIPELINE;TEMA:ROADMAP;IDIOMA:ES
FASE 5 — NAS (OMV) + Tailscale + Backups + Producción.md,FUENTE:WEB;TEMA:PRODUCCION;IDIOMA:ES
